phase,t,pos,vel,effort_js,wrench_fx,cmd_v
exp,0.0120,-1.421385,-0.000001,0.000,-0.000018,0.0036
exp,0.0152,-1.421385,-0.000001,0.000,-0.000017,0.0046
exp,0.0239,-1.421385,-0.000001,0.000,-0.000018,0.0072
exp,0.0352,-1.421342,0.007154,0.000,0.072069,0.0106
exp,0.0494,-1.421271,0.010533,0.000,0.143093,0.0148
exp,0.0595,-1.421187,0.010533,0.000,0.210664,0.0178
exp,0.0633,-1.421057,0.017796,0.000,0.295373,0.0190
exp,0.0729,-1.420986,0.017796,0.000,0.355931,0.0219
exp,0.0840,-1.420910,0.018954,0.000,0.379082,0.0252
exp,0.0964,-1.420635,0.025126,0.000,0.502539,0.0289
exp,0.1087,-1.420419,0.028834,0.000,0.576694,0.0326
exp,0.1129,-1.420188,0.028834,0.000,0.650308,0.0339
exp,0.1229,-1.419928,0.032515,0.000,0.675610,0.0369
exp,0.1332,-1.419793,0.033780,0.000,0.735610,0.0400
exp,0.1456,-1.419339,0.039867,0.000,0.797357,0.0437
exp,0.1572,-1.419006,0.043581,0.000,0.871636,0.0472
exp,0.1629,-1.418469,0.047036,0.000,0.940736,0.0489
exp,0.1729,-1.418281,0.047036,0.000,0.975018,0.0519
exp,0.1832,-1.417879,0.051731,0.000,1.034639,0.0550
exp,0.1946,-1.417452,0.054826,0.000,1.096523,0.0584
exp,0.2061,-1.417014,0.054826,0.000,1.164386,0.0618
exp,0.2191,-1.416301,0.061663,0.000,1.233265,0.0657
exp,0.2231,-1.415808,0.061663,0.000,1.233266,0.0669
exp,0.2331,-1.415546,0.065558,0.000,1.335416,0.0699
exp,0.2435,-1.415012,0.066770,0.000,1.394781,0.0731
exp,0.2550,-1.414454,0.069738,0.000,1.457459,0.0765
exp,0.2677,-1.413871,0.072872,0.000,1.526305,0.0803
exp,0.2729,-1.413260,0.076315,0.000,1.602304,0.0819
exp,0.2829,-1.413260,0.076315,0.000,1.633426,0.0849
exp,0.2935,-1.412613,0.081671,0.000,1.633427,0.0881
exp,0.3074,-1.411948,0.084665,0.000,1.633426,0.0922
exp,0.3169,-1.411597,0.087829,0.000,1.693323,0.0951
exp,0.3289,-1.410877,0.091974,0.000,1.756596,0.0987
exp,0.3329,-1.410119,0.094828,0.000,1.896578,0.0999
exp,0.3429,-1.409327,0.099617,0.000,1.968392,0.1029
exp,0.3537,-1.408928,0.099617,0.000,1.992357,0.1061
exp,0.3658,-1.408518,0.102608,0.000,2.052167,0.1097
exp,0.3783,-1.407260,0.105846,0.000,2.116929,0.1135
exp,0.3830,-1.406385,0.109447,0.000,2.188963,0.1149
exp,0.3929,-1.405479,0.113187,0.000,2.188963,0.1179
exp,0.4035,-1.405021,0.114616,0.000,2.263760,0.1211
exp,0.4153,-1.404092,0.117583,0.000,2.292330,0.1246
exp,0.4274,-1.403609,0.120754,0.000,2.351668,0.1282
exp,0.4401,-1.402132,0.124269,0.000,2.485399,0.1320
exp,0.4433,-1.401620,0.127887,0.000,2.485399,0.1330
exp,0.4532,-1.401109,0.127887,0.000,2.557764,0.1360
exp,0.4636,-1.400048,0.132640,0.000,2.652807,0.1391
exp,0.4761,-1.398408,0.138712,0.000,2.712119,0.1428
exp,0.4879,-1.397853,0.138712,0.000,2.774255,0.1464
exp,0.5025,-1.397853,0.138712,0.000,2.849259,0.1507
exp,0.5122,-1.397283,0.142462,0.000,2.919916,0.1537
exp,0.5178,-1.396699,0.145995,0.000,2.919917,0.1553
exp,0.5263,-1.396115,0.145995,0.000,2.919916,0.1579
exp,0.5369,-1.394271,0.157477,0.000,3.065573,0.1611
exp,0.5492,-1.392368,0.160671,0.000,3.149555,0.1648
exp,0.5538,-1.391726,0.160671,0.000,3.213431,0.1661
exp,0.5639,-1.390426,0.164352,0.000,3.213432,0.1692
exp,0.5750,-1.390426,0.164352,0.000,3.213432,0.1725
exp,0.5870,-1.389100,0.165707,0.000,3.314164,0.1761
exp,0.5983,-1.387723,0.172073,0.000,3.441476,0.1795
exp,0.6032,-1.386318,0.175662,0.000,3.513251,0.1810
exp,0.6129,-1.384886,0.179037,0.000,3.580763,0.1839
exp,0.6255,-1.384164,0.180513,0.000,3.580762,0.1877
exp,0.6361,-1.383430,0.183390,0.000,3.610282,0.1908
exp,0.6472,-1.382697,0.183390,0.000,3.667822,0.1942
exp,0.6602,-1.380412,0.193659,0.000,3.806813,0.1981
exp,0.6632,-1.379637,0.193659,0.000,3.806813,0.1989
exp,0.6731,-1.378863,0.193659,0.000,3.873189,0.2019
exp,0.6838,-1.377279,0.198443,0.000,3.950985,0.2051
exp,0.6964,-1.375667,0.201417,0.000,4.028360,0.2089
exp,0.7082,-1.374030,0.204612,0.000,4.028361,0.2125
exp,0.7205,-1.373197,0.208401,0.000,4.092254,0.2161
exp,0.7240,-1.372363,0.208401,0.000,4.168043,0.2172
exp,0.7329,-1.371516,0.211930,0.000,4.168043,0.2199
exp,0.7458,-1.368032,0.219307,0.000,4.333043,0.2237
exp,0.7576,-1.366262,0.223159,0.000,4.386155,0.2273
exp,0.7717,-1.365370,0.223159,0.000,4.463200,0.2315
exp,0.7735,-1.364477,0.223159,0.000,4.463200,0.2321
exp,0.7830,-1.363570,0.226700,0.000,4.463200,0.2349
exp,0.7954,-1.360784,0.234289,0.000,4.629215,0.2386
exp,0.8061,-1.357957,0.238011,0.000,4.685797,0.2418
exp,0.8193,-1.354123,0.241222,0.000,4.824460,0.2458
exp,0.8231,-1.352194,0.241222,0.000,4.824460,0.2469
exp,0.8338,-1.351213,0.245171,0.000,4.903446,0.2501
exp,0.8455,-1.350232,0.245171,0.000,4.903446,0.2536
exp,0.8560,-1.347264,0.249507,0.000,4.926091,0.2568
exp,0.8676,-1.345240,0.252997,0.000,5.059955,0.2603
exp,0.8730,-1.343191,0.256149,0.000,5.123008,0.2619
exp,0.8832,-1.341114,0.259605,0.000,5.192121,0.2650
exp,0.8929,-1.340069,0.261244,0.000,5.192121,0.2679
exp,0.9054,-1.337943,0.267179,0.000,5.285726,0.2716
exp,0.9179,-1.336874,0.267179,0.000,5.343595,0.2754
exp,0.9289,-1.333638,0.270928,0.000,5.418582,0.2787
exp,0.9343,-1.332539,0.274666,0.000,5.493351,0.2803
exp,0.9442,-1.332539,0.274666,0.000,5.493351,0.2833
exp,0.9553,-1.331427,0.277961,0.000,5.559244,0.2866
exp,0.9660,-1.330309,0.279577,0.000,5.559245,0.2898
exp,0.9785,-1.326879,0.289060,0.000,5.650948,0.2935
exp,0.9828,-1.324567,0.289060,0.000,5.781230,0.2949
exp,0.9928,-1.323396,0.292791,0.000,5.781230,0.2978
exp,1.0032,-1.322219,0.294101,0.000,5.882045,0.3010
exp,1.0152,-1.319830,0.300201,0.000,6.004052,0.3046
exp,1.0267,-1.317414,0.303798,0.000,6.075976,0.3080
exp,1.0392,-1.314970,0.307225,0.000,6.144522,0.3118
exp,1.0431,-1.313741,0.307225,0.000,6.144522,0.3129
exp,1.0529,-1.311268,0.310973,0.000,6.219475,0.3159
exp,1.0636,-1.308760,0.315081,0.000,6.301637,0.3191
exp,1.0762,-1.306226,0.318273,0.000,6.365489,0.3229
exp,1.0877,-1.303680,0.318273,0.000,6.441041,0.3263
exp,1.0930,-1.301104,0.322051,0.000,6.509910,0.3279
exp,1.1029,-1.298500,0.325494,0.000,6.541341,0.3309
exp,1.1131,-1.297191,0.327066,0.000,6.541341,0.3339
exp,1.1248,-1.294563,0.330016,0.000,6.661363,0.3374
exp,1.1369,-1.289220,0.336589,0.000,6.731800,0.3411
exp,1.1495,-1.285166,0.340204,0.000,6.804099,0.3449
exp,1.1531,-1.282445,0.340204,0.000,6.804099,0.3459
exp,1.1630,-1.279689,0.345054,0.000,6.879571,0.3489
exp,1.1734,-1.278308,0.345054,0.000,6.901106,0.3520
exp,1.1858,-1.274120,0.351129,0.000,7.022598,0.3557
exp,1.1984,-1.269891,0.354832,0.000,7.022599,0.3595
exp,1.2028,-1.267053,0.354832,0.000,7.096657,0.3609
exp,1.2132,-1.265618,0.358611,0.000,7.172249,0.3640
exp,1.2230,-1.264184,0.358611,0.000,7.172248,0.3669
exp,1.2349,-1.262744,0.359935,0.000,7.198724,0.3705
exp,1.2482,-1.259840,0.365966,0.000,7.198725,0.3745
exp,1.2593,-1.258362,0.369514,0.000,7.319344,0.3778
exp,1.2642,-1.255374,0.373522,0.000,7.390312,0.3793
exp,1.2729,-1.255374,0.373522,0.000,7.470459,0.3819
exp,1.2841,-1.252367,0.378295,0.000,7.470459,0.3852
exp,1.2964,-1.249320,0.380908,0.000,7.618182,0.3889
exp,1.3099,-1.249320,0.380908,0.000,7.618182,0.3930
exp,1.3210,-1.249320,0.380908,0.000,7.684967,0.3963
exp,1.3228,-1.247783,0.384247,0.000,7.684967,0.3968
exp,1.3332,-1.247783,0.384247,0.000,7.758806,0.4000
exp,1.3450,-1.244648,0.395837,0.000,7.916768,0.4035
exp,1.3577,-1.239860,0.398933,0.000,7.978685,0.4073
exp,1.3694,-1.235015,0.406267,0.000,8.049594,0.4108
exp,1.3729,-1.233390,0.406267,0.000,8.125368,0.4119
exp,1.3838,-1.231765,0.406267,0.000,8.125368,0.4151
exp,1.3950,-1.231765,0.406267,0.000,8.125368,0.4185
exp,1.4062,-1.230126,0.409789,0.000,8.125369,0.4219
exp,1.4185,-1.226800,0.417426,0.000,8.348556,0.4256
exp,1.4306,-1.225117,0.420782,0.000,8.415669,0.4292
exp,1.4329,-1.221736,0.424481,0.000,8.415669,0.4299
exp,1.4429,-1.220024,0.428094,0.000,8.489651,0.4329
exp,1.4565,-1.218311,0.428094,0.000,8.561901,0.4369
exp,1.4690,-1.218311,0.428094,0.000,8.561901,0.4407
exp,1.4827,-1.213126,0.435824,0.000,8.716505,0.4448
exp,1.4934,-1.209639,0.435824,0.000,8.716504,0.4480
exp,1.5042,-1.206106,0.443682,0.000,8.873679,0.4513
exp,1.5163,-1.200731,0.450126,0.000,8.937387,0.4549
exp,1.5286,-1.198930,0.450126,0.000,-8.993985,0.4586
exp,1.5330,-1.197130,0.450126,0.000,9.002548,0.4599
exp,1.5461,-1.195315,0.453745,0.000,9.002548,0.4638
exp,1.5542,-1.195315,0.453745,0.000,9.002548,0.4663
exp,1.5666,-1.193480,0.458735,0.000,9.074921,0.4700
exp,1.5781,-1.191645,0.458735,0.000,9.174735,0.4734
exp,1.5832,-1.187881,0.472214,0.000,9.444320,0.4750
exp,1.5932,-1.185992,0.472214,0.000,9.444320,0.4779
exp,1.6032,-1.182202,0.473744,0.000,9.474908,0.4810
exp,1.6152,-1.178388,0.476730,0.000,9.534639,0.4846
exp,1.6269,-1.174550,0.479738,0.000,9.594783,0.4881
exp,1.6397,-1.170698,0.483339,0.000,9.666820,0.4919
exp,1.6432,-1.168751,0.486834,0.000,9.736704,0.4930
exp,1.6530,-1.166803,0.486834,0.000,9.736705,0.4959
exp,1.6635,-1.162874,0.491707,0.000,9.892740,0.4990
exp,1.6786,-1.158917,0.494635,0.000,9.892741,0.5036
exp,1.6881,-1.158917,0.494635,0.000,9.955512,0.5064
exp,1.7007,-1.156926,0.497774,0.000,9.955513,0.5102
exp,1.7032,-1.152914,0.505142,0.000,9.955512,0.5110
exp,1.7129,-1.150878,0.508899,0.000,10.102872,0.5139
exp,1.7249,-1.146801,0.509663,0.000,10.193290,0.5175
exp,1.7380,-1.142700,0.512578,0.000,10.251587,0.5214
exp,1.7491,-1.140636,0.516158,0.000,-10.315220,0.5247
exp,1.7539,-1.136475,0.520071,0.000,10.401459,0.5262
exp,1.7629,-1.134382,0.523403,0.000,10.401458,0.5289
exp,1.7737,-1.132288,0.523403,0.000,10.468090,0.5321
exp,1.7867,-1.128068,0.527533,0.000,10.550692,0.5360
exp,1.7990,-1.123822,0.530749,0.000,10.550693,0.5397
exp,1.8030,-1.121683,0.534634,0.000,10.615015,0.5409
exp,1.8129,-1.117377,0.538324,0.000,10.766509,0.5439
exp,1.8232,-1.113060,0.539539,0.000,10.766510,0.5469
exp,1.8354,-1.110890,0.542499,0.000,10.790818,0.5506
exp,1.8475,-1.106526,0.545558,0.000,10.850008,0.5542
exp,1.8604,-1.104329,0.549233,0.000,10.911187,0.5581
exp,1.8711,-1.099906,0.552836,0.000,10.984705,0.5613
exp,1.8731,-1.097679,0.556714,0.000,11.056755,0.5619
exp,1.8841,-1.093213,0.559891,0.000,11.134316,0.5652
exp,1.8960,-1.088729,0.560507,0.000,11.210167,0.5688
exp,1.9100,-1.084219,0.563784,0.000,11.275712,0.5730
exp,1.9207,-1.079680,0.567361,0.000,-11.339896,0.5762
exp,1.9231,-1.077410,0.567361,0.000,11.347265,0.5769
exp,1.9335,-1.075124,0.571538,0.000,11.347266,0.5801
exp,1.9448,-1.070523,0.575455,0.000,11.494893,0.5834
exp,1.9575,-1.063553,0.581961,0.000,11.571713,0.5873
exp,1.9628,-1.058882,0.585767,0.000,11.639252,0.5888
exp,1.9729,-1.054190,0.587342,0.000,11.715381,0.5919
exp,1.9828,-1.051841,0.587342,0.000,11.746869,0.5948
exp,1.9939,-1.047118,0.590354,0.000,11.866726,0.5982
exp,2.0063,-1.039984,0.596663,0.000,11.933308,0.6019
exp,2.0183,-1.035211,0.596663,0.000,12.007297,0.6055
exp,2.0234,-1.027992,0.603954,0.000,12.079110,0.6070
exp,2.0328,-1.025577,0.603954,0.000,12.109329,0.6098
exp,2.0431,-1.020722,0.608285,0.000,12.165737,0.6129
exp,2.0553,-1.015843,0.611380,0.000,12.227633,0.6166
exp,2.0679,-1.008492,0.615036,0.000,12.300753,0.6204
exp,2.0728,-1.003556,0.618793,0.000,12.375900,0.6218
exp,2.0831,-0.998606,0.618793,0.000,12.405216,0.6249
exp,2.0931,-0.993644,0.620259,0.000,12.405216,0.6279
exp,2.1041,-0.988645,0.626334,0.000,12.526728,0.6312
exp,2.1164,-0.981103,0.629626,0.000,12.592566,0.6349
exp,2.1285,-0.976051,0.633308,0.000,12.666191,0.6386
exp,2.1330,-0.970985,0.633308,0.000,12.738772,0.6399
exp,2.1431,-0.965889,0.636937,0.000,12.738772,0.6429
exp,2.1534,-0.963336,0.638279,0.000,12.825890,0.6460
exp,2.1652,-0.955628,0.644374,0.000,12.887517,0.6496
exp,2.1776,-0.950459,0.647922,0.000,12.958480,0.6533
exp,2.1898,-0.945276,0.647922,0.000,13.032315,0.6569
exp,2.1930,-0.940063,0.651614,0.000,13.032315,0.6579
exp,2.2031,-0.937442,0.655268,0.000,13.124806,0.6609
exp,2.2142,-0.932192,0.656238,0.000,13.185300,0.6643
exp,2.2277,-0.926918,0.659263,0.000,13.185301,0.6683
exp,2.2390,-0.924267,0.662576,0.000,13.332500,0.6717
exp,2.2430,-0.921601,0.666623,0.000,13.332500,0.6729
exp,2.2536,-0.918934,0.666623,0.000,13.332500,0.6761
exp,2.2657,-0.913570,0.671199,0.000,13.399791,0.6797
exp,2.2756,-0.910872,0.674350,0.000,13.487037,0.6827
exp,2.2881,-0.900042,0.680933,0.000,13.487037,0.6864
exp,2.2930,-0.894579,0.684671,0.000,13.618701,0.6879
exp,2.3031,-0.889096,0.686160,0.000,-13.698820,0.6909
exp,2.3133,-0.886351,0.686160,0.000,13.723244,0.6940
exp,2.3249,-0.886351,0.686160,0.000,13.783237,0.6975
exp,2.3369,-0.886351,0.686160,0.000,13.783236,0.7011
exp,2.3494,-0.878069,0.692231,0.000,13.844664,0.7048
exp,2.3528,-0.869707,0.699278,0.000,13.913983,0.7058
exp,2.3628,-0.864082,0.703041,0.000,14.060874,0.7088
exp,2.3735,-0.861266,0.704042,0.000,14.080881,0.7121
exp,2.3858,-0.852769,0.710247,0.000,14.204988,0.7157
exp,2.4021,-0.849928,0.710247,0.000,14.204988,0.7206
exp,2.4111,-0.847087,0.710247,0.000,14.278631,0.7233
exp,2.4137,-0.841375,0.713929,0.000,14.278631,0.7241
exp,2.4238,-0.835664,0.713929,0.000,14.278631,0.7271
exp,2.4360,-0.827011,0.722261,0.000,14.445263,0.7308
exp,2.4479,-0.818292,0.728938,0.000,14.505978,0.7344
exp,2.4591,-0.815377,0.728938,0.000,14.578796,0.7377
exp,2.4632,-0.812461,0.728938,0.000,14.578797,0.7390
exp,2.4733,-0.809531,0.732507,0.000,14.650180,0.7420
exp,2.4844,-0.806588,0.735845,0.000,14.716955,0.7453
exp,2.4960,-0.800679,0.740099,0.000,14.802022,0.7488
exp,2.5086,-0.794731,0.743424,0.000,14.937785,0.7526
exp,2.5131,-0.788756,0.746887,0.000,15.013115,0.7539
exp,2.5230,-0.785754,0.750653,0.000,15.013115,0.7569
exp,2.5331,-0.782751,0.750653,0.000,15.013114,0.7599
exp,2.5460,-0.779743,0.752000,0.000,15.159761,0.7638
exp,2.5573,-0.776711,0.757986,0.000,15.159762,0.7672
exp,2.5695,-0.773679,0.757986,0.000,15.305079,0.7709
exp,2.5732,-0.767557,0.765252,0.000,15.305079,0.7719
exp,2.5831,-0.761406,0.768905,0.000,15.378144,0.7749
exp,2.5940,-0.755234,0.772967,0.000,15.459393,0.7782
exp,2.6074,-0.749037,0.776210,0.000,15.524252,0.7822
exp,2.6188,-0.742828,0.776210,0.000,15.524253,0.7856
exp,2.6234,-0.733465,0.780234,0.000,15.604724,0.7870
exp,2.6331,-0.730330,0.783643,0.000,15.604724,0.7899
exp,2.6434,-0.724039,0.787921,0.000,15.672912,0.7930
exp,2.6550,-0.717723,0.790989,0.000,15.758472,0.7965
exp,2.6673,-0.711395,0.790989,0.000,15.819838,0.8002
exp,2.6807,-0.708217,0.794489,0.000,15.889834,0.8042
exp,2.6829,-0.705039,0.794489,0.000,15.889834,0.8049
exp,2.6948,-0.698638,0.802162,0.000,15.963071,0.8084
exp,2.7053,-0.692215,0.802813,0.000,16.056306,0.8116
exp,2.7164,-0.685766,0.809530,0.000,16.056306,0.8149
exp,2.7289,-0.676025,0.812838,0.000,16.190645,0.8187
exp,2.7333,-0.672774,0.812838,0.000,16.256815,0.8200
exp,2.7433,-0.669508,0.816579,0.000,16.256815,0.8230
exp,2.7534,-0.666236,0.817893,0.000,16.357904,0.8260
exp,2.7661,-0.659669,0.820911,0.000,16.418274,0.8298
exp,2.7778,-0.653077,0.823930,0.000,16.478646,0.8333
exp,2.7832,-0.643131,0.831215,0.000,16.554456,0.8349
exp,2.7932,-0.636475,0.832827,0.000,16.624346,0.8380
exp,2.8031,-0.633143,0.832827,0.000,16.656582,0.8409
exp,2.8146,-0.626457,0.835830,0.000,16.716640,0.8444
exp,2.8265,-0.619746,0.838792,0.000,16.775891,0.8480
exp,2.8394,-0.613008,0.842229,0.000,16.844625,0.8518
exp,2.8430,-0.606242,0.845802,0.000,16.844625,0.8529
exp,2.8531,-0.602843,0.849655,0.000,16.916094,0.8559
exp,2.8632,-0.596038,0.850724,0.000,17.014532,0.8590
exp,2.8758,-0.589207,0.853759,0.000,17.075230,0.8627
exp,2.8884,-0.585780,0.856770,0.000,17.135454,0.8665
exp,2.9038,-0.582353,0.856770,0.000,17.211073,0.8711
exp,2.9136,-0.582353,0.856770,0.000,17.211073,0.8741
exp,2.9251,-0.575454,0.864331,0.000,17.286665,0.8775
exp,2.9369,-0.568479,0.871860,0.000,17.437254,0.8811
exp,2.9494,-0.557961,0.878839,0.000,17.576828,0.8848
exp,2.9530,-0.550930,0.878839,0.000,17.576828,0.8859
exp,2.9630,-0.543865,0.883656,0.000,17.651700,0.8889
exp,2.9736,-0.536784,0.886628,0.000,17.673166,0.8921
exp,2.9857,-0.526119,0.889802,0.000,17.796085,0.8957
exp,2.9982,-0.515427,0.893425,0.000,17.868551,0.8995
exp,3.0029,-0.508280,0.893425,0.000,17.943496,0.9009
exp,3.0131,-0.501103,0.897173,0.000,17.943496,0.9039
exp,3.0235,-0.493902,0.901633,0.000,18.032698,0.9070
exp,3.0352,-0.486676,0.904739,0.000,18.094814,0.9105
exp,3.0477,-0.475805,0.908233,0.000,18.164694,0.9143
exp,3.0592,-0.468524,0.911992,0.000,18.239883,0.9178
exp,3.0630,-0.464876,0.911992,0.000,18.308568,0.9189
exp,3.0730,-0.457553,0.915426,0.000,18.331465,0.9219
exp,3.0841,-0.453887,0.916571,0.000,18.391214,0.9252
exp,3.0966,-0.442852,0.919559,0.000,18.391213,0.9290
exp,3.1081,-0.435454,0.926609,0.000,18.532218,0.9324
exp,3.1131,-0.428041,0.926609,0.000,18.601509,0.9339
exp,3.1229,-0.424321,0.930074,0.000,18.631451,0.9369
exp,3.1330,-0.416868,0.931571,0.000,18.689922,0.9399
exp,3.1450,-0.409392,0.934495,0.000,18.749967,0.9435
exp,3.1575,-0.401878,0.941092,0.000,18.821856,0.9472
exp,3.1707,-0.394349,0.941092,0.000,18.896600,0.9512
exp,3.1731,-0.390570,0.944829,0.000,18.896600,0.9519
exp,3.1856,-0.386791,0.944829,0.000,18.896600,0.9557
exp,3.1958,-0.382995,0.948802,0.000,18.976061,0.9587
exp,3.2065,-0.375399,0.949524,0.000,18.990508,0.9620
exp,3.2188,-0.363936,0.956290,0.000,19.125818,0.9656
exp,3.2230,-0.352407,0.963194,0.000,19.190152,0.9669
exp,3.2329,-0.348554,0.963194,0.000,19.263895,0.9699
exp,3.2430,-0.340839,0.964439,0.000,19.288794,0.9729
exp,3.2553,-0.340839,0.964439,0.000,19.288793,0.9766
exp,3.2672,-0.340839,0.964439,0.000,19.348136,0.9802
exp,3.2802,-0.336969,0.967406,0.000,19.348135,0.9841
exp,3.2832,-0.329206,0.970419,0.000,19.408390,0.9850
exp,3.2932,-0.317458,0.981571,0.000,19.553362,0.9880
exp,3.3045,-0.309599,0.982448,0.000,19.648970,0.9914
exp,3.3169,-0.297760,0.988844,0.000,19.708875,0.9951
exp,3.3293,-0.289849,0.988844,0.000,19.776891,0.9988
exp,3.3332,-0.285879,0.992528,0.000,19.850560,1.0000
exp,3.3430,-0.273939,0.996248,0.000,19.924971,1.0000
exp,3.3537,-0.269949,0.997421,0.000,19.924971,1.0000
exp,3.3651,-0.261969,0.997459,0.000,19.949175,1.0000
exp,3.3776,-0.250000,0.997459,0.000,19.949175,1.0000
exp,3.3898,-0.242020,0.997459,0.000,19.949175,1.0000
exp,3.3930,-0.242020,0.997459,0.000,19.949174,1.0000
exp,3.4054,-0.234041,0.997459,0.000,19.949174,1.0000
exp,3.4144,-0.234041,0.997459,0.000,19.949174,1.0000
exp,3.4270,-0.226061,0.997459,0.000,19.949174,1.0000
exp,3.4389,-0.218081,0.997459,0.000,19.949174,1.0000
exp,3.4431,-0.210102,0.997459,0.000,19.949174,1.0000
exp,3.4528,-0.206112,0.997459,0.000,19.949174,1.0000
exp,3.4636,-0.206112,0.997459,0.000,19.949174,1.0000
exp,3.4758,-0.202122,0.997459,0.000,19.949174,1.0000
exp,3.4880,-0.190152,0.997459,0.000,19.949174,1.0000
exp,3.4930,-0.182173,0.997459,0.000,19.949174,1.0000
exp,3.5028,-0.174193,0.997459,0.000,-19.949174,1.0000
exp,3.5132,-0.170203,0.997459,0.000,-19.949174,1.0000
exp,3.5244,-0.158234,0.997459,0.000,19.949174,1.0000
exp,3.5367,-0.154244,0.997459,0.000,19.949174,1.0000
exp,3.5502,-0.146264,0.997459,0.000,19.949174,1.0000
exp,3.5611,-0.138285,0.997459,0.000,19.949174,1.0000
exp,3.5659,-0.134295,0.997459,0.000,19.949174,1.0000
exp,3.5738,-0.130305,0.997459,0.000,19.949174,1.0000
exp,3.5859,-0.118335,0.997459,0.000,19.949174,1.0000
exp,3.5979,-0.110356,0.997459,0.000,19.949174,1.0000
exp,3.6132,-0.102376,0.997459,0.000,19.949174,1.0000
exp,3.6229,-0.094396,0.997459,0.000,19.949174,1.0000
exp,3.6344,-0.086417,0.997459,0.000,19.949174,1.0000
exp,3.6473,-0.074447,0.997459,0.000,19.949174,1.0000
exp,3.6591,-0.070457,0.997459,0.000,19.949174,1.0000
exp,3.6634,-0.070457,0.997459,0.000,19.949174,1.0000
exp,3.6730,-0.066467,0.997459,0.000,19.949174,1.0000
exp,3.6839,-0.062478,0.997459,0.000,19.949174,1.0000
exp,3.6967,-0.050508,0.997459,0.000,19.949174,1.0000
exp,3.7081,-0.038539,0.997459,0.000,19.949174,1.0000
exp,3.7136,-0.030559,0.997459,0.000,19.949174,1.0000
exp,3.7243,-0.022579,0.997459,0.000,19.949174,1.0000
exp,3.7337,-0.022579,0.997459,0.000,19.949174,1.0000
exp,3.7471,-0.018589,0.997459,0.000,19.949174,1.0000
exp,3.7577,-0.010610,0.997459,0.000,19.949174,1.0000
exp,3.7700,0.001360,0.997459,0.000,19.949174,1.0000
exp,3.7728,0.005350,0.997459,0.000,19.949174,1.0000
exp,3.7829,0.013329,0.997459,0.000,19.949174,1.0000
exp,3.7944,0.021309,0.997459,0.000,19.949174,1.0000
exp,3.8068,0.029289,0.997459,0.000,19.949174,1.0000
exp,3.8186,0.033278,0.997459,0.000,19.949174,1.0000
exp,3.8306,0.041258,0.997459,0.000,19.949174,1.0000
exp,3.8330,0.049238,0.997459,0.000,19.949174,1.0000
exp,3.8432,0.053228,0.997459,0.000,19.949174,1.0000
exp,3.8557,0.069187,0.997459,0.000,19.949174,1.0000
exp,3.8674,0.077167,0.997459,0.000,19.949174,1.0000
exp,3.8794,0.085146,0.997459,0.000,19.949174,1.0000
exp,3.8830,0.093126,0.997459,0.000,19.949174,1.0000
exp,3.8932,0.101106,0.997459,0.000,19.949174,1.0000
exp,3.9040,0.109085,0.997459,0.000,19.949174,1.0000
exp,3.9164,0.117065,0.997459,0.000,19.949174,1.0000
exp,3.9284,0.129034,0.997459,0.000,19.949174,1.0000
exp,3.9329,0.137014,0.997459,0.000,19.949174,1.0000
exp,3.9430,0.144994,0.997459,0.000,19.949174,1.0000
exp,3.9535,0.152973,0.997459,0.000,19.949174,1.0000
exp,3.9651,0.160953,0.997459,0.000,19.949174,1.0000
exp,3.9776,0.172923,0.997459,0.000,19.949174,1.0000
exp,3.9830,0.180902,0.997459,0.000,19.949174,1.0000
exp,3.9929,0.184892,0.997459,0.000,19.949174,1.0000
exp,4.0032,0.188882,0.997459,0.000,19.949174,1.0000
exp,4.0140,0.196862,0.997459,0.000,19.949174,1.0000
exp,4.0264,0.208831,0.997459,0.000,19.949174,1.0000
exp,4.0386,0.216811,0.997459,0.000,19.949174,1.0000
exp,4.0428,0.224790,0.997459,0.000,19.949174,1.0000
exp,4.0529,0.228780,0.997459,0.000,19.949174,1.0000
exp,4.0632,0.236760,0.997459,0.000,19.949174,1.0000
exp,4.0753,0.244740,0.997459,0.000,19.949174,1.0000
exp,4.0877,0.252719,0.997459,0.000,19.949174,1.0000
exp,4.0932,0.264689,0.997459,0.000,19.949175,1.0000
exp,4.1028,0.268679,0.997459,0.000,19.949175,1.0000
exp,4.1128,0.268679,0.997459,0.000,19.949175,1.0000
exp,4.1252,0.276658,0.997459,0.000,19.949175,1.0000
exp,4.1375,0.284638,0.997459,0.000,19.949175,1.0000
exp,4.1491,0.292618,0.997459,0.000,19.949176,1.0000
exp,4.1528,0.296607,0.997459,0.000,19.949176,1.0000
exp,4.1628,0.304587,0.997459,0.000,19.949177,1.0000
exp,4.1738,0.308577,0.997459,0.000,19.949177,1.0000
exp,4.1860,0.308577,0.997459,0.000,19.949178,1.0000
exp,4.1984,0.312567,0.997459,0.000,19.949178,1.0000
exp,4.2030,0.320546,0.997459,0.000,19.949179,1.0000
exp,4.2129,0.324536,0.997459,0.000,19.949180,1.0000
exp,4.2233,0.332516,0.997459,0.000,19.949181,1.0000
exp,4.2354,0.336506,0.997459,0.000,19.949181,1.0000
exp,4.2510,0.344485,0.997459,0.000,19.949183,1.0000
exp,4.2599,0.348475,0.997459,0.000,19.949183,1.0000
exp,4.2629,0.356455,0.997459,0.000,19.949184,1.0000
exp,4.2730,0.360445,0.997459,0.000,19.949184,1.0000
exp,4.2836,0.364435,0.997459,0.000,19.949185,1.0000
exp,4.2965,0.372414,0.997459,0.000,19.949187,1.0000
exp,4.3106,0.380394,0.997459,0.000,19.949188,1.0000
exp,4.3221,0.384384,0.997459,0.000,19.949189,1.0000
exp,4.3336,0.388374,0.997459,0.000,19.949190,1.0000
exp,4.3447,0.396353,0.997459,0.000,19.949191,1.0000
exp,4.3572,0.408323,0.997459,0.000,19.949193,1.0000
exp,4.3698,0.424282,0.997459,0.000,19.949196,1.0000
exp,4.3739,0.424282,0.997459,0.000,19.949196,1.0000
exp,4.3837,0.428272,0.997459,0.000,19.949197,1.0000
exp,4.3968,0.432262,0.997459,0.000,19.949197,1.0000
exp,4.4063,0.436252,0.997459,0.000,19.949198,1.0000
exp,4.4188,0.448221,0.997459,0.000,19.949199,1.0000
exp,4.4230,0.456201,0.997459,0.000,19.949200,1.0000
exp,4.4331,0.460191,0.997459,0.000,19.949201,1.0000
exp,4.4433,0.468170,0.997459,0.000,19.949202,1.0000
exp,4.4562,0.476150,0.997459,0.000,19.949203,1.0000
exp,4.4677,0.484130,0.997459,0.000,19.949204,1.0000
exp,4.4798,0.488120,0.997459,0.000,19.949204,1.0000
exp,4.4829,0.492109,0.997459,0.000,19.949205,1.0000
exp,4.4940,0.496099,0.997459,0.000,19.949205,1.0000
exp,4.5040,0.504079,0.997459,0.000,19.949206,1.0000
exp,4.5165,0.512059,0.997459,0.000,19.949207,1.0000
exp,4.5321,0.520038,0.997459,0.000,19.949208,1.0000
exp,4.5417,0.524028,0.997459,0.000,19.949208,1.0000
exp,4.5437,0.528018,0.997459,0.000,19.949208,1.0000
exp,4.5532,0.528018,0.997459,0.000,19.949208,1.0000
exp,4.5660,0.539987,0.997459,0.000,-19.950517,1.0000
exp,4.5783,0.551957,0.997459,0.000,19.949210,1.0000
exp,4.5892,0.551957,0.997459,0.000,19.949210,1.0000
exp,4.5937,0.563926,0.997459,0.000,19.949211,1.0000
exp,4.6056,0.567916,0.997459,0.000,19.949211,1.0000
exp,4.6157,0.571906,0.997459,0.000,-19.950871,1.0000
exp,4.6266,0.579886,0.997459,0.000,19.949211,1.0000
exp,4.6386,0.583876,0.997459,0.000,19.949212,1.0000
exp,4.6507,0.583876,0.997459,0.000,19.949212,1.0000
exp,4.6529,0.583876,0.997459,0.000,19.949212,1.0000
exp,4.6636,0.583876,0.997459,0.000,19.949212,1.0000
exp,4.6767,0.591855,0.997459,0.000,19.949212,1.0000
exp,4.6877,0.603825,0.997459,0.000,19.949213,1.0000
exp,4.7009,0.611804,0.997459,0.000,19.949213,1.0000
exp,4.7035,0.615794,0.997459,0.000,19.949213,1.0000
exp,4.7133,0.619784,0.997459,0.000,19.949213,1.0000
exp,4.7249,0.627764,0.997459,0.000,19.949214,1.0000
exp,4.7397,0.631754,0.997459,0.000,19.949214,1.0000
exp,4.7500,0.631754,0.997459,0.000,19.949214,1.0000
exp,4.7533,0.635743,0.997459,0.000,19.949214,1.0000
exp,4.7637,0.639733,0.997459,0.000,-19.946871,1.0000
exp,4.7738,0.647713,0.997459,0.000,19.949214,1.0000
exp,4.7862,0.651703,0.997459,0.000,19.949215,1.0000
exp,4.7987,0.663672,0.997459,0.000,19.949215,1.0000
exp,4.8115,0.667662,0.997459,0.000,-19.951857,1.0000
exp,4.8232,0.671652,0.997459,0.000,19.949215,1.0000
exp,4.8346,0.675642,0.997459,0.000,19.949215,1.0000
exp,4.8479,0.679632,0.997459,0.000,-19.951996,1.0000
exp,4.8593,0.687611,0.997459,0.000,19.949216,1.0000
exp,4.8636,0.691601,0.997459,0.000,19.949216,1.0000
exp,4.8755,0.699581,0.997459,0.000,19.949216,1.0000
exp,4.8835,0.699581,0.997459,0.000,19.949216,1.0000
exp,4.8961,0.711550,0.997459,0.000,19.949216,1.0000
exp,4.9079,0.719530,0.997459,0.000,19.949216,1.0000
exp,4.9132,0.727510,0.997459,0.000,19.949216,1.0000
exp,4.9234,0.735489,0.997459,0.000,19.949217,1.0000
exp,4.9335,0.739479,0.997459,0.000,19.949217,1.0000
exp,4.9448,0.747459,0.997459,0.000,19.949217,1.0000
exp,4.9576,0.759428,0.997459,0.000,19.949217,1.0000
exp,4.9700,0.767408,0.997459,0.000,19.949217,1.0000
exp,4.9731,0.775388,0.997459,0.000,19.949218,1.0000
exp,4.9829,0.779378,0.997459,0.000,19.949217,1.0000
exp,4.9943,0.787357,0.997459,0.000,19.949218,1.0000
exp,5.0058,0.795337,0.997459,0.000,19.949218,1.0000
exp,5.0185,0.803317,0.997459,0.000,19.949218,1.0000
exp,5.0230,0.811296,0.997459,0.000,19.949218,1.0000
exp,5.0336,0.819276,0.997459,0.000,19.949218,1.0000
exp,5.0446,0.823266,0.997459,0.000,19.949218,1.0000
exp,5.0552,0.831245,0.997459,0.000,19.949219,1.0000
exp,5.0677,0.843215,0.997459,0.000,19.949219,1.0000
exp,5.0798,0.851195,0.997459,0.000,19.949219,1.0000
exp,5.0838,0.859174,0.997459,0.000,19.949219,1.0000
exp,5.0939,0.859174,0.997459,0.000,19.949219,1.0000
exp,5.1043,0.867154,0.997459,0.000,19.949220,1.0000
exp,5.1163,0.879124,0.997459,0.000,19.949220,1.0000
exp,5.1297,0.891093,0.997459,0.000,19.949220,1.0000
exp,5.1331,0.899073,0.997459,0.000,19.949220,1.0000
exp,5.1436,0.903063,0.997459,0.000,19.949221,1.0000
exp,5.1530,0.907052,0.997459,0.000,-19.954414,1.0000
exp,5.1662,0.919022,0.997459,0.000,19.949221,1.0000
exp,5.1782,0.930991,0.997459,0.000,19.949220,1.0000
exp,5.1899,0.938971,0.997459,0.000,19.949221,1.0000
exp,5.1930,0.942961,0.997459,0.000,19.949221,1.0000
exp,5.2036,0.950941,0.997459,0.000,19.949221,1.0000
exp,5.2146,0.958920,0.997459,0.000,19.949221,1.0000
exp,5.2264,0.966900,0.997459,0.000,19.949221,1.0000
exp,5.2397,0.978869,0.997459,0.000,19.949222,1.0000
exp,5.2431,0.986849,0.997459,0.000,19.949221,1.0000
exp,5.2535,0.990839,0.997459,0.000,19.949222,1.0000
exp,5.2639,0.998819,0.997459,0.000,19.949222,1.0000
exp,5.2755,1.006798,0.997460,0.000,19.949222,1.0000
exp,5.2886,1.018768,0.997460,0.000,19.949222,1.0000
exp,5.2931,1.026748,0.997460,0.000,19.949222,1.0000
exp,5.3040,1.030737,0.997460,0.000,19.949223,1.0000
exp,5.3137,1.030737,0.997460,0.000,19.949223,1.0000
exp,5.3255,1.030737,0.997460,0.000,19.949223,1.0000
exp,5.3372,1.038717,0.997460,0.000,19.949223,1.0000
exp,5.3490,1.050687,0.997460,0.000,19.949224,1.0000
exp,5.3530,1.062656,0.997460,0.000,19.949224,1.0000
exp,5.3633,1.070636,0.997460,0.000,19.949223,1.0000
exp,5.3733,1.078615,0.997460,0.000,19.949224,1.0000
exp,5.3858,1.086595,0.997460,0.000,19.949224,1.0000
exp,5.3981,1.094575,0.997460,0.000,19.949224,1.0000
exp,5.4100,1.098565,0.997460,0.000,19.949224,1.0000
exp,5.4137,1.102554,0.997460,0.000,19.949224,1.0000
exp,5.4239,1.102554,0.997460,0.000,19.949225,1.0000
exp,5.4351,1.106544,0.997460,0.000,19.949225,1.0000
exp,5.4473,1.118514,0.997460,0.000,19.949225,1.0000
exp,5.4595,1.130483,0.997460,0.000,19.949225,1.0000
exp,5.4631,1.134473,0.997460,0.000,19.949225,1.0000
exp,5.4731,1.142453,0.997460,0.000,19.949225,1.0000
exp,5.4836,1.146443,0.997460,0.000,19.949225,1.0000
exp,5.4959,1.158412,0.997460,0.000,19.949226,1.0000
exp,5.5095,1.166392,0.997460,0.000,-19.957060,1.0000
exp,5.5204,1.170382,0.997460,0.000,19.949225,1.0000
exp,5.5240,1.178361,0.997460,0.000,19.949226,1.0000
exp,5.5338,1.182351,0.997460,0.000,19.949226,1.0000
exp,5.5450,1.186341,0.997460,0.000,19.949226,1.0000
exp,5.5580,1.194321,0.997460,0.000,19.949227,1.0000
exp,5.5716,1.202300,0.997460,0.000,19.949226,1.0000
exp,5.5739,1.206290,0.997460,0.000,19.949227,1.0000
exp,5.5842,1.214270,0.997460,0.000,19.949226,1.0000
exp,5.5936,1.214270,0.997460,0.000,19.949227,1.0000
exp,5.6066,1.218260,0.997460,0.000,19.949227,1.0000
exp,5.6189,1.218260,0.997460,0.000,19.949227,1.0000
exp,5.6230,1.222250,0.997460,0.000,-19.957658,1.0000
exp,5.6334,1.226239,0.997460,0.000,19.949227,1.0000
exp,5.6439,1.230229,0.997460,0.000,19.949227,1.0000
exp,5.6556,1.242199,0.997460,0.000,19.949228,1.0000
exp,5.6678,1.254168,0.997460,0.000,19.949227,1.0000
exp,5.6800,1.262148,0.997460,0.000,19.949227,1.0000
exp,5.6833,1.270128,0.997460,0.000,19.949228,1.0000
exp,5.7052,1.274118,0.997460,0.000,19.949228,1.0000
exp,5.7169,1.274118,0.997460,0.000,19.949228,1.0000
exp,5.7288,1.286087,0.997460,0.000,19.949229,1.0000
exp,5.7339,1.298057,0.997460,0.000,19.949228,1.0000
exp,5.7431,1.302046,0.997460,0.000,19.949228,1.0000
exp,5.7537,1.306036,0.997460,0.000,19.949229,1.0000
exp,5.7655,1.314016,0.997460,0.000,19.949229,1.0000
exp,5.7788,1.325985,0.997460,0.000,19.949229,1.0000
exp,5.7927,1.325985,0.997460,0.000,19.949230,1.0000
exp,5.8051,1.329975,0.997460,0.000,19.949230,1.0000
exp,5.8151,1.333965,0.997460,0.000,19.949230,1.0000
exp,5.8266,1.341945,0.997460,0.000,19.949229,1.0000
exp,5.8398,1.349924,0.997460,0.000,19.949229,1.0000
exp,5.8437,1.353914,0.997460,0.000,19.949230,1.0000
exp,5.8539,1.361894,0.997460,0.000,19.949230,1.0000
exp,5.8630,1.365884,0.997460,0.000,19.949230,1.0000
exp,5.8760,1.377853,0.997460,0.000,19.949230,1.0000
exp,5.8883,1.381843,0.997460,0.000,19.949230,1.0000
exp,5.9005,1.389823,0.997460,0.000,19.949231,1.0000
exp,5.9034,1.393813,0.997460,0.000,19.949231,1.0000
exp,5.9136,1.401792,0.997460,0.000,19.949231,1.0000
exp,5.9243,1.405782,0.997460,0.000,19.949231,1.0000
exp,5.9371,1.417752,0.997460,0.000,19.949231,1.0000
exp,5.9499,1.425731,0.997460,0.000,19.949232,1.0000
limit,5.9533,1.425731,0.997460,0.000,19.949231,1.0000
limit,5.9641,1.429721,0.997460,0.000,19.949231,1.0000
limit,5.9748,1.429721,0.997460,0.000,19.949231,1.0000
limit,5.9875,1.433711,0.997460,0.000,19.949232,1.0000
limit,5.9991,1.441691,0.997460,0.000,19.949232,1.0000
limit,6.0106,1.445681,0.997460,0.000,19.949232,1.0000
limit,6.0152,1.449672,0.999364,0.000,19.949232,1.0000
limit,6.0246,1.450344,-0.086003,0.000,5.000008,1.0000
limit,6.0349,1.450058,-0.014416,0.000,8286.960297,1.0000
limit,6.0468,1.450010,-0.002414,0.000,7927.421986,1.0000
limit,6.0593,1.450002,-0.000402,0.000,7867.131346,1.0000
limit,6.0631,1.450001,-0.000163,0.000,7858.966155,1.0000
limit,6.0734,1.450000,-0.000025,0.000,-7856.633967,1.0000
limit,6.0844,1.450000,-0.000009,0.000,7855.422678,1.0000
limit,6.0977,1.450639,-0.159918,0.000,7855.173896,1.0000
limit,6.1083,1.450262,-0.065483,0.000,4.998823,1.0000
limit,6.1202,1.450044,-0.010985,0.000,8369.063412,1.0000
limit,6.1231,1.450018,-0.004499,0.000,8023.445209,1.0000
limit,6.1336,1.450007,-0.001842,0.000,7924.001186,1.0000
limit,6.1450,1.450003,-0.000754,0.000,7873.097969,1.0000
limit,6.1570,1.450001,-0.000126,0.000,7858.807240,1.0000
limit,6.1694,1.450000,-0.000021,0.000,7855.811017,1.0000
limit,6.1732,1.450000,-0.000008,0.000,7855.341762,1.0000
limit,6.1835,1.450000,-0.000008,0.000,7855.150191,1.0000
limit,6.1939,1.450000,-0.000003,0.000,7855.071539,1.0000
limit,6.2062,1.450000,-0.000003,0.000,7855.045292,1.0000
limit,6.2191,1.450000,-0.000003,0.000,7855.039729,1.0000
limit,6.2230,1.450000,-0.000000,0.000,7855.028859,1.0000
limit,6.2331,1.450000,-0.000000,0.000,7855.022650,1.0000
limit,6.2429,1.450000,0.000000,0.000,7855.020381,1.0000
limit,6.2555,1.450000,0.000000,0.000,7855.018566,1.0000
limit,6.2669,1.450000,0.000000,0.000,7855.018507,1.0000
limit,6.2793,1.450000,0.000000,0.000,7855.018678,1.0000
limit,6.2828,1.450000,0.000000,0.000,7855.018737,1.0000
limit,6.2929,1.450000,0.000000,0.000,7855.019014,1.0000
limit,6.3040,1.450000,0.000000,0.000,7855.019180,1.0000
limit,6.3159,1.450000,0.000000,0.000,7855.019240,1.0000
limit,6.3284,1.450000,0.000000,0.000,7855.019279,1.0000
limit,6.3330,1.450000,0.000000,0.000,7855.019159,1.0000
limit,6.3429,1.450000,0.000000,0.000,7855.019048,1.0000
limit,6.3529,1.450000,-0.000000,0.000,7855.019018,1.0000
limit,6.3654,1.450000,-0.000000,0.000,7855.019239,1.0000
limit,6.3777,1.450000,-0.000000,0.000,7855.019245,1.0000
limit,6.3829,1.450000,-0.000000,0.000,7855.019250,1.0000
limit,6.3932,1.450000,-0.000000,0.000,7855.019085,1.0000
limit,6.4029,1.450000,0.000000,0.000,7855.019086,1.0000
limit,6.4144,1.450000,0.000000,0.000,7855.019210,1.0000
limit,6.4272,1.450000,0.000000,0.000,7855.019089,1.0000
limit,6.4388,1.450000,0.000000,0.000,7855.019212,1.0000
limit,6.4429,1.450000,-0.000000,0.000,7855.019213,1.0000
limit,6.4529,1.450000,0.000000,0.000,7855.019090,1.0000
limit,6.4632,1.450000,0.000000,0.000,7855.019091,1.0000
limit,6.4751,1.450000,-0.000000,0.000,7855.019258,1.0000
limit,6.4878,1.450000,-0.000000,0.000,7855.019258,1.0000
limit,6.4930,1.450000,-0.000000,0.000,7855.019356,1.0000
limit,6.5034,1.450000,0.000000,0.000,7855.019050,1.0000
limit,6.5131,1.450000,-0.000000,0.000,-7855.038000,1.0000
limit,6.5245,1.450000,-0.000000,0.000,7855.019356,1.0000
limit,6.5364,1.450000,0.000000,0.000,7855.019091,1.0000
limit,6.5491,1.450000,-0.000000,0.000,7855.019214,1.0000
limit,6.5641,1.450000,-0.000000,0.000,7855.019091,1.0000
limit,6.5734,1.450000,-0.000000,0.000,7855.019214,1.0000
limit,6.5859,1.450000,0.000000,0.000,7855.019259,1.0000
limit,6.5976,1.450000,0.000000,0.000,7855.019091,1.0000
limit,6.6099,1.450000,-0.000000,0.000,7855.019050,1.0000
limit,6.6224,1.450000,-0.000000,0.000,7855.019259,1.0000
limit,6.6240,1.450000,0.000000,0.000,7855.019214,1.0000
limit,6.6349,1.450000,-0.000000,0.000,7855.019259,1.0000
limit,6.6467,1.450000,-0.000000,0.000,7855.019214,1.0000
limit,6.6590,1.450000,-0.000000,0.000,7855.019091,1.0000
limit,6.6630,1.450000,0.000000,0.000,7855.019356,1.0000
limit,6.6741,1.450000,-0.000000,0.000,7855.019259,1.0000
limit,6.6849,1.450000,0.000000,0.000,7855.019356,1.0000
limit,6.6957,1.450000,-0.000000,0.000,7855.019259,1.0000
limit,6.7089,1.450000,-0.000000,0.000,7855.019091,1.0000
limit,6.7133,1.450000,-0.000000,0.000,7855.019356,1.0000
limit,6.7232,1.450000,-0.000000,0.000,7855.019050,1.0000
limit,6.7336,1.450000,0.000000,0.000,7855.019214,1.0000
limit,6.7488,1.450000,-0.000000,0.000,7855.019356,1.0000
limit,6.7591,1.450000,-0.000000,0.000,7855.019214,1.0000
limit,6.7691,1.450000,0.000000,0.000,7855.019356,1.0000
limit,6.7731,1.450000,0.000000,0.000,7855.019259,1.0000
limit,6.7830,1.450000,-0.000000,0.000,7855.019214,1.0000
limit,6.7935,1.450000,0.000000,0.000,7855.019356,1.0000
limit,6.8060,1.450000,-0.000000,0.000,7855.019356,1.0000
limit,6.8186,1.450000,-0.000000,0.000,7855.019356,1.0000
limit,6.8229,1.450000,-0.000000,0.000,7855.019091,1.0000
limit,6.8334,1.450000,-0.000000,0.000,7855.019259,1.0000
limit,6.8447,1.450000,0.000000,0.000,7855.019091,1.0000
limit,6.8551,1.450000,-0.000000,0.000,7855.019214,1.0000
limit,6.8673,1.450000,-0.000000,0.000,7855.019259,1.0000
limit,6.8795,1.450000,-0.000000,0.000,7855.019259,1.0000
limit,6.8829,1.450000,-0.000000,0.000,7855.019214,1.0000
limit,6.8928,1.450000,0.000000,0.000,7855.019214,1.0000
limit,6.9061,1.450000,-0.000000,0.000,7855.019091,1.0000
limit,6.9162,1.450000,-0.000000,0.000,7855.019050,1.0000
limit,6.9288,1.450000,-0.000000,0.000,7855.019091,1.0000
limit,6.9330,1.450000,-0.000000,0.000,7855.019050,1.0000
limit,6.9430,1.450000,-0.000000,0.000,7855.019214,1.0000
limit,6.9531,1.450000,-0.000000,0.000,7855.019356,1.0000
limit,6.9663,1.450000,-0.000000,0.000,7855.019214,1.0000
limit,6.9787,1.450000,-0.000000,0.000,7855.019091,1.0000
limit,6.9895,1.450000,-0.000000,0.000,7855.019214,1.0000
limit,6.9928,1.450000,-0.000000,0.000,7855.019259,1.0000
limit,7.0028,1.450000,-0.000000,0.000,7855.019214,1.0000
limit,7.0143,1.450000,-0.000000,0.000,7855.019214,1.0000
limit,7.0292,1.450000,0.000000,0.000,7855.019259,1.0000
limit,7.0418,1.450000,-0.000000,0.000,7855.019050,1.0000
limit,7.0521,1.450000,0.000000,0.000,7855.019356,1.0000
limit,7.0541,1.450000,-0.000000,0.000,7855.019214,1.0000
limit,7.0632,1.450000,-0.000000,0.000,7855.019050,1.0000
limit,7.0758,1.450000,0.000000,0.000,7855.019356,1.0000
limit,7.0879,1.450000,0.000000,0.000,7855.019214,1.0000
limit,7.0929,1.450000,-0.000000,0.000,7855.019356,1.0000
limit,7.1032,1.450000,-0.000000,0.000,7855.019259,1.0000
limit,7.1138,1.450000,0.000000,0.000,7855.019091,1.0000
limit,7.1243,1.450000,0.000000,0.000,7855.019356,1.0000
limit,7.1366,1.450000,-0.000000,0.000,7855.019091,1.0000
limit,7.1494,1.450000,-0.000000,0.000,7855.019091,1.0000
limit,7.1537,1.450000,-0.000000,0.000,7855.019259,1.0000
limit,7.1635,1.450000,-0.000000,0.000,7855.019214,1.0000
limit,7.1748,1.450000,0.000000,0.000,7855.019356,1.0000
limit,7.1858,1.450000,-0.000000,0.000,7855.019050,1.0000
limit,7.1977,1.450000,-0.000000,0.000,7855.019091,1.0000
limit,7.2032,1.450000,-0.000000,0.000,7855.019214,1.0000
limit,7.2132,1.450000,-0.000000,0.000,7855.019091,1.0000
limit,7.2229,1.450000,-0.000000,0.000,7855.019091,1.0000
limit,7.2345,1.450000,0.000000,0.000,7855.019259,1.0000
limit,7.2468,1.450000,0.000000,0.000,7855.019259,1.0000
limit,7.2588,1.450000,0.000000,0.000,7855.019091,1.0000
limit,7.2630,1.450000,-0.000000,0.000,7855.019050,1.0000
limit,7.2731,1.450000,0.000000,0.000,7855.019050,1.0000
limit,7.2833,1.450000,-0.000000,0.000,7855.019214,1.0000
limit,7.2962,1.450000,-0.000000,0.000,7855.019259,1.0000
limit,7.3081,1.450000,-0.000000,0.000,7855.019356,1.0000
limit,7.3131,1.450000,-0.000000,0.000,7855.019356,1.0000
limit,7.3229,1.450000,-0.000000,0.000,7855.019356,1.0000
limit,7.3333,1.450000,-0.000000,0.000,7855.019356,1.0000
limit,7.3449,1.450000,-0.000000,0.000,7855.019356,1.0000
limit,7.3575,1.450000,0.000000,0.000,7855.019356,1.0000
limit,7.3689,1.450000,-0.000000,0.000,7855.019091,1.0000
limit,7.3732,1.450000,0.000000,0.000,7855.019259,1.0000
limit,7.3828,1.450000,-0.000000,0.000,7855.019050,1.0000
limit,7.3937,1.450000,-0.000000,0.000,7855.019214,1.0000
limit,7.4059,1.450000,0.000000,0.000,7855.019259,1.0000
limit,7.4180,1.450000,0.000000,0.000,7855.019259,1.0000
limit,7.4228,1.450000,-0.000000,0.000,7855.019091,1.0000
limit,7.4331,1.450000,-0.000000,0.000,7855.019356,1.0000
limit,7.4431,1.450000,0.000000,0.000,7855.019356,1.0000
limit,7.4548,1.450000,-0.000000,0.000,7855.019259,1.0000
limit,7.4674,1.450000,-0.000000,0.000,7855.019050,1.0000
limit,7.4791,1.450000,0.000000,0.000,7855.019091,1.0000
limit,7.4841,1.450000,-0.000000,0.000,7855.019091,1.0000
limit,7.4955,1.450000,-0.000000,0.000,7855.019356,1.0000
limit,7.5045,1.450000,0.000000,0.000,7855.019356,1.0000
limit,7.5166,1.450000,-0.000000,0.000,7855.019356,1.0000
limit,7.5280,1.450000,-0.000000,0.000,7855.019050,1.0000
limit,7.5332,1.450000,-0.000000,0.000,7855.019356,1.0000
limit,7.5428,1.450000,0.000000,0.000,7855.019091,1.0000
limit,7.5533,1.450000,0.000000,0.000,7855.019050,1.0000
limit,7.5659,1.450000,0.000000,0.000,7855.019091,1.0000
limit,7.5776,1.450000,-0.000000,0.000,7855.019214,1.0000
limit,7.5900,1.450000,-0.000000,0.000,7855.019091,1.0000
limit,7.5928,1.450000,0.000000,0.000,7855.019356,1.0000
limit,7.6034,1.450000,-0.000000,0.000,7855.019356,1.0000
limit,7.6138,1.450000,0.000000,0.000,7855.019214,1.0000
limit,7.6263,1.450000,-0.000000,0.000,7855.019091,1.0000
limit,7.6388,1.450000,0.000000,0.000,7855.019050,1.0000
limit,7.6434,1.450000,0.000000,0.000,7855.019050,1.0000
limit,7.6529,1.450000,-0.000000,0.000,7855.019356,1.0000
limit,7.6629,1.450000,-0.000000,0.000,7855.019050,1.0000
limit,7.6756,1.450000,0.000000,0.000,7855.019050,1.0000
limit,7.6878,1.450000,-0.000000,0.000,7855.019214,1.0000
limit,7.6929,1.450000,0.000000,0.000,7855.019091,1.0000
limit,7.7031,1.450000,-0.000000,0.000,7855.019356,1.0000
limit,7.7131,1.450000,0.000000,0.000,7855.019356,1.0000
limit,7.7241,1.450000,0.000000,0.000,7855.019091,1.0000
limit,7.7365,1.450000,-0.000000,0.000,7855.019091,1.0000
limit,7.7491,1.450000,0.000000,0.000,7855.019091,1.0000
limit,7.7533,1.450000,0.000000,0.000,7855.019214,1.0000
limit,7.7633,1.450000,-0.000000,0.000,7855.019050,1.0000
limit,7.7735,1.450000,-0.000000,0.000,7855.019091,1.0000
limit,7.7854,1.450000,-0.000000,0.000,7855.019356,1.0000
limit,7.7974,1.450000,-0.000000,0.000,7855.019214,1.0000
limit,7.8032,1.450000,0.000000,0.000,7855.019091,1.0000
limit,7.8143,1.450000,0.000000,0.000,7855.019214,1.0000
limit,7.8230,1.450000,-0.000000,0.000,7855.019050,1.0000
limit,7.8355,1.450000,0.000000,0.000,7855.019214,1.0000
limit,7.8487,1.450000,-0.000000,0.000,7855.019356,1.0000
limit,7.8600,1.450000,0.000000,0.000,7855.019050,1.0000
limit,7.8629,1.450000,-0.000000,0.000,7855.019214,1.0000
limit,7.8734,1.450000,0.000000,0.000,7855.019050,1.0000
limit,7.8837,1.450000,-0.000000,0.000,7855.019214,1.0000
limit,7.8963,1.450000,-0.000000,0.000,7855.019214,1.0000
limit,7.9079,1.450000,0.000000,0.000,7855.019091,1.0000
limit,7.9208,1.450000,-0.000000,0.000,7855.019259,1.0000
limit,7.9232,1.450000,0.000000,0.000,7855.019050,1.0000
limit,7.9330,1.450000,0.000000,0.000,7855.019050,1.0000
limit,7.9448,1.450000,-0.000000,0.000,7855.019356,1.0000
limit,7.9572,1.450000,0.000000,0.000,7855.019050,1.0000
limit,7.9688,1.450000,0.000000,0.000,7855.019091,1.0000
limit,7.9731,1.450000,-0.000000,0.000,7855.019214,1.0000
limit,7.9829,1.450000,-0.000000,0.000,7855.019356,1.0000
limit,7.9937,1.450000,-0.000000,0.000,7855.019050,1.0000
limit,8.0056,1.450000,0.000000,0.000,7855.019091,1.0000
limit,8.0180,1.450000,-0.000000,0.000,7855.019259,1.0000
limit,8.0307,1.450000,0.000000,0.000,7855.019050,1.0000
limit,8.0336,1.450000,-0.000000,0.000,7855.019214,1.0000
limit,8.0433,1.450000,0.000000,0.000,7855.019050,1.0000
limit,8.0555,1.450000,-0.000000,0.000,7855.019259,1.0000
limit,8.0667,1.450000,0.000000,0.000,7855.019050,1.0000
limit,8.0791,1.450000,-0.000000,0.000,7855.019050,1.0000
limit,8.0830,1.450000,-0.000000,0.000,7855.019356,1.0000
limit,8.0932,1.450000,-0.000000,0.000,7855.019259,1.0000
limit,8.1078,1.450000,0.000000,0.000,7855.019214,1.0000
limit,8.1189,1.450000,-0.000000,0.000,7855.019050,1.0000
limit,8.1287,1.450000,-0.000000,0.000,7855.019356,1.0000
limit,8.1335,1.450000,0.000000,0.000,7855.019050,1.0000
limit,8.1431,1.450000,-0.000000,0.000,7855.019259,1.0000
limit,8.1536,1.450000,0.000000,0.000,7855.019091,1.0000
limit,8.1648,1.450000,-0.000000,0.000,7855.019050,1.0000
limit,8.1775,1.450000,-0.000000,0.000,7855.019050,1.0000
limit,8.1897,1.450000,-0.000000,0.000,7855.019356,1.0000
limit,8.1929,1.450000,0.000000,0.000,7855.019050,1.0000
limit,8.2030,1.450000,-0.000000,0.000,7855.019259,1.0000
limit,8.2146,1.450000,0.000000,0.000,7855.019091,1.0000
limit,8.2261,1.450000,0.000000,0.000,7855.019214,1.0000
limit,8.2386,1.450000,0.000000,0.000,7855.019214,1.0000
limit,8.2428,1.450000,0.000000,0.000,7855.019356,1.0000
limit,8.2533,1.450000,-0.000000,0.000,7855.019214,1.0000
limit,8.2632,1.450000,0.000000,0.000,7855.019091,1.0000
limit,8.2755,1.450000,-0.000000,0.000,7855.019259,1.0000
limit,8.2876,1.450000,0.000000,0.000,-7855.038208,1.0000
limit,8.2929,1.450000,0.000000,0.000,7855.019050,1.0000
limit,8.3028,1.450000,-0.000000,0.000,7855.019259,1.0000
limit,8.3134,1.450000,-0.000000,0.000,7855.019091,1.0000
limit,8.3248,1.450000,-0.000000,0.000,7855.019214,1.0000
limit,8.3365,1.450000,0.000000,0.000,7855.019259,1.0000
limit,8.3485,1.450000,0.000000,0.000,7855.019259,1.0000
limit,8.3532,1.450000,-0.000000,0.000,7855.019091,1.0000
limit,8.3629,1.450000,-0.000000,0.000,7855.019356,1.0000
limit,8.3734,1.450000,0.000000,0.000,7855.019259,1.0000
limit,8.3851,1.450000,-0.000000,0.000,7855.019356,1.0000
limit,8.3979,1.450000,0.000000,0.000,7855.019356,1.0000
limit,8.4029,1.450000,-0.000000,0.000,7855.019214,1.0000
limit,8.4128,1.450000,0.000000,0.000,7855.019091,1.0000
limit,8.4257,1.450000,-0.000000,0.000,7855.019259,1.0000
limit,8.4347,1.450000,-0.000000,0.000,7855.019356,1.0000
limit,8.4469,1.450000,0.000000,0.000,7855.019259,1.0000
limit,8.4589,1.450000,-0.000000,0.000,7855.019050,1.0000
limit,8.4629,1.450000,0.000000,0.000,7855.019091,1.0000
limit,8.4733,1.450000,-0.000000,0.000,7855.019050,1.0000
limit,8.4837,1.450000,-0.000000,0.000,7855.019214,1.0000
limit,8.4963,1.450000,0.000000,0.000,7855.019050,1.0000
limit,8.5081,1.450000,0.000000,0.000,7855.019356,1.0000
limit,8.5133,1.450000,0.000000,0.000,7855.019091,1.0000
limit,8.5231,1.450000,-0.000000,0.000,7855.019091,1.0000
limit,8.5333,1.450000,-0.000000,0.000,7855.019091,1.0000
limit,8.5451,1.450000,0.000000,0.000,7855.019259,1.0000
limit,8.5572,1.450000,-0.000000,0.000,7855.019259,1.0000
limit,8.5724,1.450000,-0.000000,0.000,7855.019214,1.0000
limit,8.5811,1.450000,-0.000000,0.000,7855.019091,1.0000
limit,8.5836,1.450000,0.000000,0.000,7855.019259,1.0000
limit,8.5935,1.450000,-0.000000,0.000,7855.019050,1.0000
limit,8.6062,1.450000,0.000000,0.000,7855.019214,1.0000
limit,8.6179,1.450000,-0.000000,0.000,7855.019259,1.0000
limit,8.6307,1.450000,-0.000000,0.000,7855.019356,1.0000
limit,8.6333,1.450000,0.000000,0.000,7855.019214,1.0000
limit,8.6447,1.450000,-0.000000,0.000,7855.019259,1.0000
limit,8.6546,1.450000,-0.000000,0.000,7855.019050,1.0000
limit,8.6672,1.450000,-0.000000,0.000,7855.019356,1.0000
limit,8.6793,1.450000,-0.000000,0.000,7855.019050,1.0000
limit,8.6831,1.450000,0.000000,0.000,7855.019356,1.0000
limit,8.6931,1.450000,0.000000,0.000,7855.019259,1.0000
limit,8.7034,1.450000,-0.000000,0.000,7855.019091,1.0000
limit,8.7158,1.450000,0.000000,0.000,7855.019091,1.0000
limit,8.7281,1.450000,0.000000,0.000,7855.019259,1.0000
limit,8.7330,1.450000,-0.000000,0.000,7855.019356,1.0000
limit,8.7437,1.450000,0.000000,0.000,7855.019356,1.0000
limit,8.7538,1.450000,0.000000,0.000,7855.019214,1.0000
limit,8.7649,1.450000,0.000000,0.000,7855.019214,1.0000
limit,8.7769,1.450000,-0.000000,0.000,7855.019050,1.0000
limit,8.7910,1.450000,-0.000000,0.000,7855.019259,1.0000
limit,8.7942,1.450000,-0.000000,0.000,7855.019091,1.0000
limit,8.8034,1.450000,0.000000,0.000,7855.019091,1.0000
limit,8.8149,1.450000,0.000000,0.000,7855.019259,1.0000
limit,8.8266,1.450000,0.000000,0.000,7855.019214,1.0000
limit,8.8384,1.450000,0.000000,0.000,7855.019214,1.0000
limit,8.8433,1.450000,-0.000000,0.000,7855.019214,1.0000
limit,8.8542,1.450000,-0.000000,0.000,7855.019259,1.0000
limit,8.8646,1.450000,0.000000,0.000,7855.019259,1.0000
limit,8.8765,1.450000,-0.000000,0.000,7855.019259,1.0000
limit,8.8877,1.450000,0.000000,0.000,7855.019091,1.0000
limit,8.8999,1.450000,0.000000,0.000,7855.019259,1.0000
limit,8.9033,1.450000,-0.000000,0.000,7855.019259,1.0000
limit,8.9132,1.450000,-0.000000,0.000,7855.019259,1.0000
limit,8.9239,1.450000,-0.000000,0.000,7855.019356,1.0000
limit,8.9377,1.450000,-0.000000,0.000,7855.019259,1.0000
limit,8.9483,1.450000,-0.000000,0.000,7855.019091,1.0000
limit,8.9529,1.450000,0.000000,0.000,7855.019259,1.0000
limit,8.9630,1.450000,0.000000,0.000,7855.019214,1.0000
limit,8.9736,1.450000,-0.000000,0.000,7855.019356,1.0000
limit,8.9852,1.450000,-0.000000,0.000,7855.019259,1.0000
limit,8.9986,1.450000,-0.000000,0.000,7855.019259,1.0000
limit,9.0099,1.450000,-0.000000,0.000,7855.019356,1.0000
limit,9.0131,1.450000,-0.000000,0.000,7855.019091,1.0000
limit,9.0248,1.450000,-0.000000,0.000,7855.019259,1.0000
limit,9.0357,1.450000,0.000000,0.000,7855.019356,1.0000
limit,9.0467,1.450000,0.000000,0.000,7855.019214,1.0000
limit,9.0588,1.450000,-0.000000,0.000,7855.019050,1.0000
limit,9.0631,1.450000,0.000000,0.000,7855.019214,1.0000
limit,9.0728,1.450000,0.000000,0.000,7855.019091,1.0000
limit,9.0830,1.450000,-0.000000,0.000,7855.019356,1.0000
limit,9.0959,1.450000,0.000000,0.000,7855.019259,1.0000
limit,9.1082,1.450000,0.000000,0.000,7855.019091,1.0000
limit,9.1132,1.450000,-0.000000,0.000,7855.019091,1.0000
limit,9.1228,1.450000,0.000000,0.000,7855.019259,1.0000
limit,9.1331,1.450000,0.000000,0.000,-7854.999821,1.0000
limit,9.1445,1.450000,-0.000000,0.000,7855.019050,1.0000
limit,9.1569,1.450000,-0.000000,0.000,7855.019050,1.0000
limit,9.1693,1.450000,-0.000000,0.000,7855.019259,1.0000
limit,9.1732,1.450000,-0.000000,0.000,7855.019091,1.0000
limit,9.1831,1.450000,0.000000,0.000,7855.019259,1.0000
limit,9.1938,1.450000,-0.000000,0.000,7855.019214,1.0000
limit,9.2058,1.450000,-0.000000,0.000,7855.019214,1.0000
limit,9.2180,1.450000,-0.000000,0.000,7855.019050,1.0000
limit,9.2231,1.450000,-0.000000,0.000,7855.019356,1.0000
limit,9.2331,1.450000,0.000000,0.000,7855.019050,1.0000
limit,9.2434,1.450000,-0.000000,0.000,7855.019259,1.0000
limit,9.2551,1.450000,-0.000000,0.000,7855.019356,1.0000
limit,9.2671,1.450000,-0.000000,0.000,7855.019214,1.0000
limit,9.2790,1.450000,0.000000,0.000,-7854.999821,1.0000
limit,9.2836,1.450000,0.000000,0.000,7855.019091,1.0000
limit,9.2932,1.450000,-0.000000,0.000,7855.019091,1.0000
limit,9.3035,1.450000,0.000000,0.000,7855.019050,1.0000
limit,9.3156,1.450000,0.000000,0.000,7855.019356,1.0000
limit,9.3286,1.450000,-0.000000,0.000,7855.019091,1.0000
limit,9.3328,1.450000,-0.000000,0.000,7855.019259,1.0000
limit,9.3429,1.450000,-0.000000,0.000,7855.019259,1.0000
limit,9.3533,1.450000,-0.000000,0.000,7855.019356,1.0000
limit,9.3649,1.450000,-0.000000,0.000,7855.019214,1.0000
limit,9.3771,1.450000,-0.000000,0.000,7855.019259,1.0000
limit,9.3894,1.450000,0.000000,0.000,7855.019356,1.0000
limit,9.3932,1.450000,0.000000,0.000,7855.019214,1.0000
limit,9.4031,1.450000,-0.000000,0.000,7855.019259,1.0000
limit,9.4162,1.450000,0.000000,0.000,7855.019259,1.0000
limit,9.4262,1.450000,-0.000000,0.000,7855.019259,1.0000
limit,9.4382,1.450000,0.000000,0.000,7855.019214,1.0000
limit,9.4428,1.450000,-0.000000,0.000,7855.019050,1.0000
limit,9.4530,1.450000,-0.000000,0.000,7855.019050,1.0000
limit,9.4635,1.450000,-0.000000,0.000,7855.019214,1.0000
limit,9.4751,1.450000,-0.000000,0.000,7855.019050,1.0000
limit,9.4871,1.450000,-0.000000,0.000,7855.019356,1.0000
limit,9.5005,1.450000,-0.000000,0.000,7855.019050,1.0000
limit,9.5030,1.450000,-0.000000,0.000,7855.019259,1.0000
limit,9.5136,1.450000,-0.000000,0.000,7855.019214,1.0000
limit,9.5246,1.450000,0.000000,0.000,7855.019091,1.0000
limit,9.5368,1.450000,-0.000000,0.000,7855.019091,1.0000
limit,9.5492,1.450000,0.000000,0.000,7855.019214,1.0000
limit,9.5536,1.450000,-0.000000,0.000,7855.019259,1.0000
limit,9.5637,1.450000,-0.000000,0.000,7855.019356,1.0000
limit,9.5730,1.450000,-0.000000,0.000,7855.019356,1.0000
limit,9.5860,1.450000,-0.000000,0.000,7855.019050,1.0000
limit,9.5975,1.450000,0.000000,0.000,7855.019091,1.0000
limit,9.6096,1.450000,0.000000,0.000,7855.019259,1.0000
limit,9.6129,1.450000,0.000000,0.000,7855.019050,1.0000
limit,9.6231,1.450000,-0.000000,0.000,7855.019091,1.0000
limit,9.6341,1.450000,-0.000000,0.000,7855.019091,1.0000
limit,9.6491,1.450000,-0.000000,0.000,7855.019214,1.0000
limit,9.6595,1.450000,0.000000,0.000,7855.019259,1.0000
limit,9.6629,1.450000,-0.000000,0.000,7855.019356,1.0000
limit,9.6730,1.450000,-0.000000,0.000,7855.019214,1.0000
limit,9.6840,1.450000,-0.000000,0.000,7855.019214,1.0000
limit,9.6952,1.450000,0.000000,0.000,7855.019259,1.0000
limit,9.7081,1.450000,-0.000000,0.000,7855.019214,1.0000
limit,9.7203,1.450000,0.000000,0.000,7855.019356,1.0000
limit,9.7233,1.450000,-0.000000,0.000,7855.019259,1.0000
limit,9.7329,1.450000,-0.000000,0.000,7855.019050,1.0000
limit,9.7444,1.450000,-0.000000,0.000,7855.019091,1.0000
limit,9.7570,1.450000,-0.000000,0.000,7855.019356,1.0000
limit,9.7696,1.450000,-0.000000,0.000,7855.019050,1.0000
limit,9.7736,1.450000,0.000000,0.000,7855.019356,1.0000
limit,9.7832,1.450000,-0.000000,0.000,7855.019214,1.0000
limit,9.7933,1.450000,-0.000000,0.000,7855.019356,1.0000
limit,9.8067,1.450000,-0.000000,0.000,7855.019050,1.0000
limit,9.8180,1.450000,-0.000000,0.000,7855.019259,1.0000
limit,9.8235,1.450000,-0.000000,0.000,7855.019356,1.0000
limit,9.8333,1.450000,-0.000000,0.000,7855.019091,1.0000
limit,9.8430,1.450000,0.000000,0.000,7855.019356,1.0000
limit,9.8544,1.450000,0.000000,0.000,7855.019050,1.0000
limit,9.8667,1.450000,0.000000,0.000,7855.019259,1.0000
limit,9.8795,1.450000,0.000000,0.000,7855.019259,1.0000
limit,9.8833,1.450000,-0.000000,0.000,7855.019214,1.0000
limit,9.8949,1.450000,-0.000000,0.000,7855.019356,1.0000
limit,9.9038,1.450000,0.000000,0.000,7855.019091,1.0000
limit,9.9170,1.450000,-0.000000,0.000,7855.019050,1.0000
limit,9.9282,1.450000,-0.000000,0.000,-7854.999652,1.0000
limit,9.9331,1.450000,-0.000000,0.000,7855.019356,1.0000
limit,9.9430,1.450000,-0.000000,0.000,7855.019091,1.0000
limit,9.9532,1.450000,0.000000,0.000,7855.019214,1.0000
limit,9.9650,1.450000,0.000000,0.000,7855.019050,1.0000
limit,9.9783,1.450000,-0.000000,0.000,7855.019214,1.0000
limit,9.9893,1.450000,-0.000000,0.000,7855.019050,1.0000
limit,9.9930,1.450000,0.000000,0.000,7855.019356,1.0000
limit,10.0030,1.450000,-0.000000,0.000,7855.019356,1.0000
limit,10.0137,1.450000,-0.000000,0.000,7855.019214,1.0000
limit,10.0269,1.450000,-0.000000,0.000,7855.019050,1.0000
limit,10.0388,1.450000,0.000000,0.000,7855.019214,1.0000
limit,10.0437,1.450000,-0.000000,0.000,7855.019214,1.0000
limit,10.0529,1.450000,-0.000000,0.000,7855.019091,1.0000
limit,10.0642,1.450000,-0.000000,0.000,7855.019214,1.0000
limit,10.0754,1.450000,-0.000000,0.000,7855.019214,1.0000
limit,10.0872,1.450000,-0.000000,0.000,7855.019091,1.0000
limit,10.0999,1.450000,0.000000,0.000,7855.019050,1.0000
limit,10.1030,1.450000,-0.000000,0.000,7855.019356,1.0000
limit,10.1133,1.450000,-0.000000,0.000,7855.019214,1.0000
limit,10.1240,1.450000,0.000000,0.000,7855.019356,1.0000
limit,10.1375,1.450000,0.000000,0.000,7855.019356,1.0000
limit,10.1511,1.450000,-0.000000,0.000,7855.019356,1.0000
limit,10.1536,1.450000,0.000000,0.000,7855.019091,1.0000
limit,10.1633,1.450000,-0.000000,0.000,7855.019214,1.0000
limit,10.1740,1.450000,0.000000,0.000,7855.019091,1.0000
limit,10.1861,1.450000,-0.000000,0.000,7855.019259,1.0000
limit,10.1975,1.450000,-0.000000,0.000,7855.019050,1.0000
limit,10.2095,1.450000,-0.000000,0.000,7855.019091,1.0000
limit,10.2129,1.450000,0.000000,0.000,7855.019356,1.0000
limit,10.2231,1.450000,-0.000000,0.000,7855.019214,1.0000
limit,10.2342,1.450000,-0.000000,0.000,7855.019091,1.0000
limit,10.2474,1.450000,0.000000,0.000,7855.019091,1.0000
limit,10.2589,1.450000,0.000000,0.000,7855.019259,1.0000
limit,10.2629,1.450000,-0.000000,0.000,7855.019091,1.0000
limit,10.2728,1.450000,0.000000,0.000,7855.019091,1.0000
limit,10.2833,1.450000,0.000000,0.000,7855.019050,1.0000
limit,10.2969,1.450000,0.000000,0.000,7855.019050,1.0000
limit,10.3077,1.450000,0.000000,0.000,7855.019091,1.0000
limit,10.3130,1.450000,-0.000000,0.000,7855.019259,1.0000
limit,10.3230,1.450000,0.000000,0.000,7855.019214,1.0000
limit,10.3332,1.450000,-0.000000,0.000,7855.019091,1.0000
limit,10.3442,1.450000,-0.000000,0.000,7855.019050,1.0000
limit,10.3568,1.450000,0.000000,0.000,7855.019356,1.0000
limit,10.3693,1.450000,-0.000000,0.000,7855.019214,1.0000
limit,10.3728,1.450000,-0.000000,0.000,7855.019091,1.0000
limit,10.3831,1.450000,-0.000000,0.000,7855.019091,1.0000
limit,10.3933,1.450000,-0.000000,0.000,7855.019050,1.0000
limit,10.4083,1.450000,0.000000,0.000,7855.019259,1.0000
limit,10.4187,1.450000,-0.000000,0.000,7855.019214,1.0000
limit,10.4232,1.450000,-0.000000,0.000,7855.019356,1.0000
limit,10.4333,1.450000,-0.000000,0.000,7855.019259,1.0000
limit,10.4431,1.450000,-0.000000,0.000,7855.019214,1.0000
limit,10.4553,1.450000,0.000000,0.000,7855.019050,1.0000
limit,10.4671,1.450000,-0.000000,0.000,7855.019214,1.0000
limit,10.4808,1.450000,-0.000000,0.000,7855.019050,1.0000
limit,10.4829,1.450000,-0.000000,0.000,7855.019259,1.0000
limit,10.4943,1.450000,-0.000000,0.000,7855.019356,1.0000
limit,10.5046,1.450000,-0.000000,0.000,7855.019214,1.0000
limit,10.5163,1.450000,-0.000000,0.000,7855.019214,1.0000
limit,10.5281,1.450000,-0.000000,0.000,7855.019050,1.0000
limit,10.5330,1.450000,-0.000000,0.000,7855.019091,1.0000
limit,10.5433,1.450000,-0.000000,0.000,7855.019214,1.0000
limit,10.5538,1.450000,-0.000000,0.000,7855.019259,1.0000
limit,10.5653,1.450000,0.000000,0.000,7855.019356,1.0000
limit,10.5772,1.450000,-0.000000,0.000,7855.019214,1.0000
limit,10.5891,1.450000,0.000000,0.000,7855.019050,1.0000
limit,10.5931,1.450000,-0.000000,0.000,7855.019091,1.0000
limit,10.6031,1.450000,0.000000,0.000,7855.019091,1.0000
limit,10.6149,1.450000,-0.000000,0.000,7855.019214,1.0000
limit,10.6258,1.450000,0.000000,0.000,7855.019356,1.0000
limit,10.6389,1.450000,-0.000000,0.000,7855.019356,1.0000
limit,10.6433,1.450000,-0.000000,0.000,7855.019259,1.0000
limit,10.6531,1.450000,0.000000,0.000,7855.019091,1.0000
limit,10.6637,1.450000,-0.000000,0.000,7855.019356,1.0000
limit,10.6755,1.450000,-0.000000,0.000,7855.019214,1.0000
limit,10.6885,1.450000,0.000000,0.000,7855.019356,1.0000
limit,10.7001,1.450000,-0.000000,0.000,7855.019091,1.0000
limit,10.7049,1.450000,-0.000000,0.000,7855.019356,1.0000
limit,10.7152,1.450000,-0.000000,0.000,7855.019050,1.0000
limit,10.7249,1.450000,0.000000,0.000,7855.019259,1.0000
limit,10.7366,1.450000,-0.000000,0.000,7855.019356,1.0000
limit,10.7488,1.450000,0.000000,0.000,7855.019214,1.0000
limit,10.7607,1.450000,0.000000,0.000,7855.019214,1.0000
limit,10.7654,1.450000,0.000000,0.000,7855.019091,1.0000
limit,10.7761,1.450000,-0.000000,0.000,7855.019214,1.0000
limit,10.7858,1.450000,0.000000,0.000,7855.019214,1.0000
limit,10.7976,1.450000,0.000000,0.000,7855.019259,1.0000
limit,10.8029,1.450000,-0.000000,0.000,7855.019214,1.0000
limit,10.8133,1.450000,-0.000000,0.000,7855.019050,1.0000
limit,10.8233,1.450000,0.000000,0.000,7855.019356,1.0000
limit,10.8342,1.450000,-0.000000,0.000,7855.019091,1.0000
limit,10.8473,1.450000,0.000000,0.000,7855.019259,1.0000
limit,10.8588,1.450000,-0.000000,0.000,7855.019050,1.0000
limit,10.8631,1.450000,-0.000000,0.000,7855.019214,1.0000
limit,10.8730,1.450000,0.000000,0.000,7855.019214,1.0000
limit,10.8845,1.450000,0.000000,0.000,7855.019214,1.0000
limit,10.8959,1.450000,-0.000000,0.000,7855.019050,1.0000
limit,10.9080,1.450000,-0.000000,0.000,7855.019050,1.0000
limit,10.9209,1.450000,-0.000000,0.000,7855.019050,1.0000
limit,10.9328,1.450000,-0.000000,0.000,7855.019259,1.0000
limit,10.9451,1.450000,-0.000000,0.000,7855.019050,1.0000
limit,10.9564,1.450000,-0.000000,0.000,7855.019091,1.0000
