time [s],applied force,friction force,pos,vel
0.000000,0.00,-0.01,0.000000,0.000000
0.001000,5.00,0.00,0.000000,0.000000
0.002000,10.00,0.01,0.000000,-0.000000
0.003000,15.00,-0.01,0.000000,0.000000
0.004000,20.00,0.00,0.000000,0.000000
0.005000,25.00,0.01,0.000000,-0.000000
0.006000,30.00,-0.01,0.000000,0.000000
0.007000,35.00,0.00,0.000000,0.000000
0.008000,40.00,-0.01,0.000000,0.000000
0.009000,45.00,0.00,0.000000,-0.000000
0.010000,50.00,0.01,0.000000,0.000000
0.011000,55.00,-0.01,0.000000,0.000000
0.012000,60.00,0.00,0.000000,-0.000000
0.013000,65.00,0.01,0.000000,0.000000
0.014000,70.00,-0.01,0.000000,0.000000
0.015000,75.00,0.00,0.000000,-0.000000
0.016000,80.00,0.01,0.000000,0.000000
0.017000,85.00,-0.01,0.000000,0.000000
0.018000,90.00,0.00,0.000000,-0.000000
0.019000,95.00,0.01,0.000000,0.000000
0.020000,100.00,-0.01,0.000000,0.000000
0.021000,105.00,0.00,0.000000,-0.000000
0.022000,110.00,0.01,0.000000,0.000000
0.023000,115.00,-0.01,0.000000,0.000000
0.024000,120.00,0.00,0.000000,-0.000000
0.025000,125.00,0.01,0.000000,0.000000
0.026000,130.00,-0.01,0.000000,0.000000
0.027000,135.00,0.00,0.000000,-0.000000
0.028000,140.00,0.01,0.000000,0.000000
0.029000,145.00,-0.01,0.000000,0.000000
0.030000,150.00,0.00,0.000000,-0.000000
0.031000,155.00,0.01,0.000000,-0.000000
0.032000,160.00,-0.01,0.000000,0.000000
0.033000,165.00,0.00,0.000000,0.000000
0.034000,170.00,0.01,0.000000,-0.000000
0.035000,175.00,-0.01,0.000000,0.000000
0.036000,180.00,0.00,0.000000,0.000000
0.037000,185.00,0.01,0.000000,-0.000000
0.038000,190.00,-0.01,0.000000,0.000000
0.039000,195.00,0.00,0.000000,-0.000000
0.040000,200.00,0.01,0.000000,0.000000
0.041000,205.00,-0.01,0.000000,0.000000
0.042000,210.00,0.00,0.000000,-0.000000
0.043000,215.00,0.01,0.000000,0.000000
0.044000,220.00,-0.01,0.000000,0.000000
0.045000,225.00,0.00,0.000000,0.000000
0.046000,230.00,0.01,0.000000,0.000000
0.047000,235.00,-0.01,0.000000,-0.000000
0.048000,240.00,0.00,0.000000,0.000000
0.049000,245.00,-14.99,0.000000,0.000000
0.050000,250.00,-0.01,0.000000,-0.000000
0.051000,255.00,-5.00,0.000000,0.000000
0.052000,260.00,0.01,0.000000,0.000000
0.053000,265.00,-0.01,0.000000,0.000000
0.054000,270.00,-5.00,0.000000,0.000000
0.055000,275.00,0.01,0.000000,-0.000000
0.056000,280.00,-5.01,0.000000,0.000000
0.057000,285.00,-5.00,0.000000,0.000000
0.058000,290.00,0.01,0.000000,-0.000000
0.059000,295.00,-5.01,0.000000,0.000000
0.060000,300.00,-5.00,0.000000,0.000000
0.061000,305.00,0.01,0.000000,-0.000000
0.062000,310.00,-0.01,0.000000,0.000000
0.063000,315.00,-5.00,0.000000,0.000000
0.064000,320.00,0.01,0.000000,-0.000000
0.065000,325.00,-0.01,0.000000,0.000000
0.066000,330.00,-5.00,0.000000,0.000000
0.067000,335.00,-4.99,0.000000,-0.000000
0.068000,340.00,-0.01,0.000000,0.000000
0.069000,345.00,-5.00,0.000000,0.000000
0.070000,350.00,-9.99,0.000000,-0.000000
0.071000,355.00,-10.00,0.000000,0.000000
0.072000,360.00,0.01,0.000000,0.000000
0.073000,365.00,-5.01,0.000000,-0.000000
0.074000,370.00,0.00,0.000000,0.000000
0.075000,375.00,-4.99,0.000000,0.000000
0.076000,380.00,-5.01,0.000000,-0.000000
0.077000,385.00,0.00,0.000000,0.000000
0.078000,390.00,-4.99,0.000000,-0.000000
0.079000,395.00,-0.01,0.000000,0.000000
0.080000,400.00,-5.00,0.000000,-0.000000
0.081000,405.00,0.01,0.000000,0.000000
0.082000,410.00,-0.01,0.000000,0.000000
0.083000,415.00,-5.00,0.000000,-0.000000
0.084000,420.00,-4.99,0.000000,0.000000
0.085000,425.00,-0.01,0.000000,0.000000
0.086000,430.00,0.00,0.000000,-0.000000
0.087000,435.00,0.01,0.000000,0.000000
0.088000,440.00,-5.01,0.000000,0.000000
0.089000,445.00,0.00,0.000000,-0.000000
0.090000,450.00,0.01,0.000000,0.000000
0.091000,455.00,-5.01,0.000000,-0.000000
0.092000,460.00,0.00,0.000000,0.000000
0.093000,465.00,0.01,0.000000,0.000000
0.094000,470.00,0.00,0.000000,0.000000
0.095000,475.00,-4.99,0.000000,0.000000
0.096000,480.00,-0.01,0.000000,0.000000
0.097000,485.00,0.00,0.000000,0.000000
0.098000,490.00,-9.99,0.000000,-0.000000
0.099000,495.00,-0.01,0.000000,0.000000
0.100000,500.00,-5.00,0.000000,0.000000
0.101000,505.00,0.01,0.000000,-0.000000
0.102000,510.00,-0.01,0.000000,0.000000
0.103000,515.00,-5.00,0.000000,-0.000000
0.104000,520.00,-4.99,0.000000,0.000000
0.105000,525.00,-5.01,0.000000,0.000000
0.106000,530.00,-5.00,0.000000,0.000000
0.107000,535.00,-4.99,0.000000,-0.000000
0.108000,540.00,-5.01,0.000000,0.000000
0.109000,545.00,-5.00,0.000000,-0.000000
0.110000,550.00,-4.99,0.000000,0.000000
0.111000,555.00,-5.01,0.000000,0.000000
0.112000,560.00,0.00,0.000000,-0.000000
0.113000,565.00,-4.99,0.000000,0.000000
0.114000,570.00,-0.01,0.000000,0.000000
0.115000,575.00,0.01,0.000000,-0.000000
0.116000,580.00,-0.01,0.000000,0.000000
0.117000,585.00,-5.00,0.000000,0.000000
0.118000,590.00,-0.01,0.000000,-0.000000
0.119000,595.00,-10.00,0.000000,0.000000
0.120000,600.00,0.01,0.000000,0.000000
0.121000,605.00,-20.01,0.000000,-0.000000
0.122000,610.00,-5.00,0.000000,0.000000
0.123000,615.00,-4.99,0.000000,0.000000
0.124000,620.00,-0.01,0.000000,-0.000000
0.125000,625.00,-10.00,0.000000,0.000000
0.126000,630.00,-4.99,0.000000,-0.000000
0.127000,635.00,-5.00,0.000000,0.000000
0.128000,640.00,-5.01,0.000000,-0.000000
0.129000,645.00,-10.00,0.000000,0.000000
0.130000,650.00,-4.99,0.000000,-0.000000
0.131000,655.00,-5.01,0.000000,0.000000
0.132000,660.00,0.00,0.000000,0.000000
0.133000,665.00,0.01,0.000000,-0.000000
0.134000,670.00,0.00,0.000000,0.000000
0.135000,675.00,-4.99,0.000000,0.000000
0.136000,680.00,-0.01,0.000000,-0.000000
0.137000,685.00,-965.00,0.000000,0.000000
0.138000,690.00,0.01,0.000000,-0.000000
0.139000,695.00,-0.01,0.000000,0.000000
0.140000,700.00,0.00,0.000000,0.000000
0.141000,705.00,0.01,0.000000,-0.000000
0.142000,710.00,-5.01,0.000000,0.000000
0.143000,715.00,0.00,0.000000,0.000000
0.144000,720.00,0.01,0.000000,0.000000
0.145000,725.00,-5.01,0.000000,0.000000
0.146000,730.00,-5.00,0.000000,-0.000000
0.147000,735.00,-4.99,0.000000,0.000000
0.148000,740.00,-0.01,0.000000,0.000000
0.149000,745.00,0.00,0.000000,-0.000000
0.150000,750.00,-4.99,0.000000,0.000000
0.151000,755.00,0.00,0.000000,0.000000
0.152000,760.00,-15.01,0.000000,-0.000000
0.153000,765.00,-5.00,0.000000,-0.000000
0.154000,770.00,0.01,0.000000,0.000000
0.155000,775.00,-5.01,0.000000,0.000000
0.156000,780.00,0.00,0.000000,-0.000000
0.157000,785.00,-9.99,0.000000,0.000000
0.158000,790.00,-0.01,0.000000,0.000000
0.159000,795.00,0.01,0.000000,0.000000
0.160000,800.00,-15.01,0.000000,0.000000
0.161000,805.00,0.00,0.000000,-0.000000
0.162000,810.00,-14.99,0.000000,0.000000
0.163000,815.00,-0.01,0.000000,0.000000
0.164000,820.00,-5.00,0.000000,-0.000000
0.165000,825.00,0.01,0.000000,0.000000
0.166000,830.00,-0.01,0.000000,0.000000
0.167000,835.00,-10.00,0.000000,-0.000000
0.168000,840.00,0.01,0.000000,0.000000
0.169000,845.00,-0.01,0.000000,0.000000
0.170000,850.00,0.00,0.000000,-0.000000
0.171000,855.00,0.01,0.000000,0.000000
0.172000,860.00,-20.01,0.000000,0.000000
0.173000,865.00,0.00,0.000000,-0.000000
0.174000,870.00,-4.99,0.000000,0.000000
0.175000,875.00,-5.01,0.000000,0.000000
0.176000,880.00,0.00,0.000000,-0.000000
0.177000,885.00,-5.01,0.000000,0.000000
0.178000,890.00,0.01,0.000000,0.000000
0.179000,895.00,-10.00,0.000000,-0.000000
0.180000,900.00,-4.99,0.000000,0.000000
0.181000,905.00,-5.01,0.000000,0.000000
0.182000,910.00,0.00,0.000000,-0.000000
0.183000,915.00,-4.99,0.000000,0.000000
0.184000,920.00,-0.01,0.000000,0.000000
0.185000,925.00,0.00,0.000000,-0.000000
0.186000,930.00,-9.99,0.000000,-0.000000
0.187000,935.00,-0.01,0.000000,0.000000
0.188000,940.00,-5.00,0.000000,0.000000
0.189000,945.00,-0.01,0.000000,0.000000
0.190000,950.00,-4.99,0.000000,0.000000
0.191000,955.00,-5.01,0.000000,-0.000000
0.192000,960.00,0.00,0.000000,0.000000
0.193000,965.00,-4.99,0.000000,0.000000
0.194000,970.00,-5.01,0.000000,-0.000000
0.195000,975.00,0.01,0.000000,0.000000
0.196000,980.00,-0.01,0.000000,0.000000
0.197000,985.00,0.00,0.000000,-0.000000
0.198000,990.00,0.01,0.000000,0.000000
0.199000,995.00,-10.01,0.000000,0.000000
0.200000,1000.00,0.00,0.000000,-0.000000
0.201000,1005.00,-4.99,0.000000,0.000000
0.202000,1010.00,-0.01,0.000000,0.000000
0.203000,1015.00,0.00,0.000000,-0.000000
0.204000,1020.00,-15.01,0.000000,0.000000
0.205000,1025.00,-0.01,0.000000,0.000000
0.206000,1030.00,0.01,0.000000,-0.000000
0.207000,1035.00,-5.00,0.000000,0.000000
0.208000,1040.00,-5.00,0.000000,0.000000
0.209000,1045.00,-4.99,0.000000,-0.000000
0.210000,1050.00,-0.01,0.000000,0.000000
0.211000,1055.00,-9.99,0.000000,0.000000
0.212000,1060.00,-0.01,0.000000,-0.000000
0.213000,1065.00,0.00,0.000000,0.000000
0.214000,1070.00,-14.99,0.000000,0.000000
0.215000,1075.00,-5.01,0.000000,-0.000000
0.216000,1080.00,0.00,0.000000,0.000000
0.217000,1085.00,-5.01,0.000000,-0.000000
0.218000,1090.00,-5.00,0.000000,0.000000
0.219000,1095.00,-9.99,0.000000,0.000000
0.220000,1100.00,-10.01,0.000000,-0.000000
0.221000,1105.00,0.00,0.000000,0.000000
0.222000,1110.00,-14.99,0.000000,0.000000
0.223000,1115.00,-0.01,0.000000,-0.000000
0.224000,1120.00,-10.00,0.000000,0.000000
0.225000,1125.00,0.01,0.000000,0.000000
0.226000,1130.00,-10.01,0.000000,0.000000
0.227000,1135.00,0.00,0.000000,0.000000
0.228000,1140.00,0.01,0.000000,-0.000000
0.229000,1145.00,-5.01,0.000000,0.000000
0.230000,1150.00,0.00,0.000000,0.000000
0.231000,1155.00,0.01,0.000000,0.000000
0.232000,1160.00,0.00,0.000000,-0.000000
0.233000,1165.00,0.01,0.000000,0.000000
0.234000,1170.00,-5.01,0.000000,0.000000
0.235000,1175.00,-4.99,0.000000,-0.000000
0.236000,1180.00,-10.00,0.000000,0.000000
0.237000,1185.00,-4.99,0.000000,0.000000
0.238000,1190.00,-5.00,0.000000,-0.000000
0.239000,1195.00,-4.99,0.000000,0.000000
0.240000,1200.00,-0.01,0.000000,0.000000
0.241000,1205.00,-4.99,0.000000,-0.000000
0.242000,1210.00,-5.01,0.000000,0.000000
0.243000,1215.00,0.01,0.000000,0.000000
0.244000,1220.00,-5.01,0.000000,-0.000000
0.245000,1225.00,0.00,0.000000,0.000000
0.246000,1230.00,-10.01,0.000000,0.000000
0.247000,1235.00,-10.00,0.000000,-0.000000
0.248000,1240.00,-9.99,0.000000,0.000000
0.249000,1245.00,-0.01,0.000000,0.000000
0.250000,1250.00,0.01,0.000000,-0.000000
0.251000,1255.00,-10.00,0.000000,0.000000
0.252000,1260.00,-4.99,0.000000,0.000000
0.253000,1265.00,-875.00,0.000000,-0.000000
0.254000,1270.00,0.01,0.000000,0.000000
0.255000,1275.00,-0.01,0.000000,0.000000
0.256000,1280.00,-9.99,0.000000,-0.000000
0.257000,1285.00,-0.01,0.000000,0.000000
0.258000,1290.00,-5.00,0.000000,0.000000
0.259000,1295.00,-9.99,0.000000,-0.000000
0.260000,1300.00,-5.01,0.000000,0.000000
0.261000,1305.00,-4.99,0.000000,0.000000
0.262000,1310.00,-10.01,0.000000,-0.000000
0.263000,1315.00,0.00,0.000000,0.000000
0.264000,1320.00,-0.01,0.000000,0.000000
0.265000,1325.00,-5.00,0.000000,0.000000
0.266000,1330.00,0.01,0.000000,0.000000
0.267000,1335.00,-5.00,0.000000,0.000000
0.268000,1340.00,-9.99,0.000000,0.000000
0.269000,1345.00,-0.01,0.000000,-0.000000
0.270000,1350.00,-5.00,0.000000,-0.000000
0.271000,1355.00,0.01,0.000000,0.000000
0.272000,1360.00,-5.01,0.000000,0.000000
0.273000,1365.00,-5.00,0.000000,-0.000000
0.274000,1370.00,-4.99,0.000000,0.000000
0.275000,1375.00,-5.00,0.000000,-0.000000
0.276000,1380.00,-9.99,0.000000,0.000000
0.277000,1385.00,-0.01,0.000000,-0.000000
0.278000,1390.00,-4.99,0.000000,0.000000
0.279000,1395.00,-0.01,0.000000,0.000000
0.280000,1400.00,-5.00,0.000000,-0.000000
0.281000,1405.00,0.01,0.000000,0.000000
0.282000,1410.00,-5.01,0.000000,-0.000000
0.283000,1415.00,0.00,0.000000,0.000000
0.284000,1420.00,-0.01,0.000000,0.000000
0.285000,1425.00,0.00,0.000000,0.000000
0.286000,1430.00,-4.99,0.000000,-0.000000
0.287000,1435.00,-0.01,0.000000,0.000000
0.288000,1440.00,-5.00,0.000000,-0.000000
0.289000,1445.00,0.01,0.000000,0.000000
0.290000,1450.00,-5.01,0.000000,0.000000
0.291000,1455.00,0.00,0.000000,-0.000000
0.292000,1460.00,-10.01,0.000000,0.000000
0.293000,1465.00,-5.00,0.000000,0.000000
0.294000,1470.00,-4.99,0.000000,-0.000000
0.295000,1475.00,-0.01,0.000000,0.000000
0.296000,1480.00,-5.00,0.000000,0.000000
0.297000,1485.00,-4.99,0.000000,-0.000000
0.298000,1490.00,-5.01,0.000000,0.000000
0.299000,1495.00,-4.99,0.000000,-0.000000
0.300000,1500.00,-5.01,0.000000,0.000000
0.301000,1505.00,-10.00,0.000000,0.000000
0.302000,1510.00,-4.99,0.000000,-0.000000
0.303000,1515.00,-0.01,0.000000,0.000000
0.304000,1520.00,-4.99,0.000000,-0.000000
0.305000,1525.00,-5.01,0.000000,0.000000
0.306000,1530.00,-5.00,0.000000,0.000000
0.307000,1535.00,-4.99,0.000000,-0.000000
0.308000,1540.00,-5.00,0.000000,0.000000
0.309000,1545.00,-5.01,0.000000,0.000000
0.310000,1550.00,0.00,0.000000,0.000000
0.311000,1555.00,-9.99,0.000000,-0.000000
0.312000,1560.00,-0.01,0.000000,0.000000
0.313000,1565.00,0.00,0.000000,0.000000
0.314000,1570.00,-4.99,0.000000,-0.000000
0.315000,1575.00,-5.00,0.000000,0.000000
0.316000,1580.00,0.01,0.000000,-0.000000
0.317000,1585.00,-5.01,0.000000,0.000000
0.318000,1590.00,0.00,0.000000,0.000000
0.319000,1595.00,-4.99,0.000000,-0.000000
0.320000,1600.00,-5.01,0.000000,0.000000
0.321000,1605.00,-5.00,0.000000,0.000000
0.322000,1610.00,0.01,0.000000,-0.000000
0.323000,1615.00,-5.01,0.000000,0.000000
0.324000,1620.00,-5.00,0.000000,0.000000
0.325000,1625.00,0.01,0.000000,-0.000000
0.326000,1630.00,-5.01,0.000000,0.000000
0.327000,1635.00,-5.00,0.000000,0.000000
0.328000,1640.00,-4.99,0.000000,-0.000000
0.329000,1645.00,-5.01,0.000000,0.000000
0.330000,1650.00,-4.99,0.000000,-0.000000
0.331000,1655.00,-5.01,0.000000,0.000000
0.332000,1660.00,-5.00,0.000000,0.000000
0.333000,1665.00,0.01,0.000000,-0.000000
0.334000,1670.00,-5.01,0.000000,0.000000
0.335000,1675.00,0.00,0.000000,0.000000
0.336000,1680.00,-4.99,0.000000,-0.000000
0.337000,1685.00,-5.01,0.000000,0.000000
0.338000,1690.00,-5.00,0.000000,0.000000
0.339000,1695.00,0.01,0.000000,-0.000000
0.340000,1700.00,-5.01,0.000000,0.000000
0.341000,1705.00,-5.00,0.000000,0.000000
0.342000,1710.00,-4.99,0.000000,-0.000000
0.343000,1715.00,-0.01,0.000000,0.000000
0.344000,1720.00,-5.00,0.000000,0.000000
0.345000,1725.00,-4.99,0.000000,-0.000000
0.346000,1730.00,-0.01,0.000000,0.000000
0.347000,1735.00,0.00,0.000000,0.000000
0.348000,1740.00,-9.99,0.000000,-0.000000
0.349000,1745.00,-5.01,0.000000,0.000000
0.350000,1750.00,-5.00,0.000000,0.000000
0.351000,1755.00,-4.99,0.000000,-0.000000
0.352000,1760.00,-5.01,0.000000,0.000000
0.353000,1765.00,0.00,0.000000,0.000000
0.354000,1770.00,-4.99,0.000000,-0.000000
0.355000,1775.00,-5.01,0.000000,0.000000
0.356000,1780.00,-5.00,0.000000,0.000000
0.357000,1785.00,0.01,0.000000,-0.000000
0.358000,1790.00,-5.01,0.000000,0.000000
0.359000,1795.00,-10.00,0.000000,0.000000
0.360000,1800.00,0.01,0.000000,-0.000000
0.361000,1805.00,-5.01,0.000000,0.000000
0.362000,1810.00,-5.00,0.000000,0.000000
0.363000,1815.00,-4.99,0.000000,0.000009
0.364000,1820.00,-5.01,0.000000,0.000035
0.365000,1825.00,-4.99,0.000000,0.000105
0.366000,1830.00,-5.01,0.000001,0.000167
0.367000,1835.00,-5.00,0.000001,0.000247
0.368000,1840.00,-7.40,0.000001,0.000345
0.369000,1845.00,-7.40,0.000002,0.000442
0.370000,1850.00,-12.40,0.000002,0.000558
0.371000,1855.00,-17.40,0.000003,0.000691
0.372000,1860.00,-22.40,0.000004,0.000842
0.373000,1865.00,-27.40,0.000005,0.001011
0.374000,1870.00,-27.40,0.000006,0.001197
0.375000,1875.00,-32.40,0.000007,0.001401
0.376000,1880.00,-37.40,0.000009,0.001624
0.377000,1885.00,-42.40,0.000011,0.001864
0.378000,1890.00,-47.40,0.000013,0.002121
0.379000,1895.00,-52.40,0.000015,0.002379
0.380000,1900.00,-57.40,0.000018,0.002655
0.381000,1905.00,-62.40,0.000021,0.002966
0.382000,1910.00,-67.40,0.000024,0.003295
0.383000,1915.00,-72.40,0.000028,0.003624
0.384000,1920.00,-72.40,0.000032,0.003953
0.385000,1925.00,-77.40,0.000036,0.004353
0.386000,1930.00,-87.40,0.000041,0.004753
0.387000,1935.00,-92.40,0.000046,0.005154
0.388000,1940.00,-92.40,0.000052,0.005589
0.389000,1945.00,-92.40,0.000058,0.006061
0.390000,1950.00,-112.40,0.000064,0.006550
0.391000,1955.00,-112.40,0.000071,0.007057
0.392000,1960.00,-112.40,0.000079,0.007582
0.393000,1965.00,-122.40,0.000087,0.008160
0.394000,1970.00,-132.40,0.000096,0.008738
0.395000,1975.00,-137.40,0.000105,0.009334
0.396000,1980.00,-142.40,0.000115,0.009948
0.397000,1985.00,-147.40,0.000126,0.010580
0.398000,1990.00,-162.40,0.000137,0.011229
0.399000,1995.00,-162.40,0.000149,0.011897
0.400000,2000.00,-167.40,0.000161,0.012582
0.401000,2005.00,-172.40,0.000175,0.013285
0.402000,2010.00,-177.40,0.000189,0.014005
0.403000,2015.00,-182.40,0.000203,0.014726
0.404000,2020.00,-187.40,0.000219,0.015464
0.405000,2025.00,-192.40,0.000235,0.016239
0.406000,2030.00,-197.40,0.000252,0.017030
0.407000,2035.00,-202.40,0.000270,0.017858
0.408000,2040.00,-202.40,0.000289,0.018703
0.409000,2045.00,-207.40,0.000308,0.019566
0.410000,2050.00,-217.40,0.000329,0.020447
0.411000,2055.00,-222.40,0.000350,0.021346
0.412000,2060.00,-232.40,0.000372,0.022262
0.413000,2065.00,-237.40,0.000396,0.023197
0.414000,2070.00,-247.40,0.000420,0.024149
0.415000,2075.00,-257.40,0.000445,0.025137
0.416000,2080.00,-277.40,0.000471,0.026142
0.417000,2085.00,-282.40,0.000556,0.029265
0.418000,2090.00,-287.40,0.000586,0.030342
0.419000,2095.00,-292.40,0.000617,0.031437
0.420000,2100.00,-297.40,0.000650,0.032531
0.421000,2105.00,-302.40,0.000684,0.033626
0.422000,2110.00,-307.40,0.000718,0.034756
0.423000,2115.00,-307.40,0.000754,0.035922
0.424000,2120.00,-307.40,0.000791,0.037105
0.425000,2125.00,-317.40,0.000830,0.038307
0.426000,2130.00,-327.40,0.000869,0.039526
0.427000,2135.00,-332.40,0.000910,0.040745
0.428000,2140.00,-337.40,0.000952,0.042000
0.429000,2145.00,-342.40,0.000995,0.043290
0.430000,2150.00,-342.40,0.001040,0.044580
0.431000,2155.00,-352.40,0.001086,0.045906
0.432000,2160.00,-362.40,0.001133,0.047268
0.433000,2165.00,-362.40,0.001182,0.048629
0.434000,2170.00,-372.40,0.001232,0.050009
0.435000,2175.00,-382.40,0.001283,0.051406
0.436000,2180.00,-382.40,0.001336,0.052821
0.437000,2185.00,-387.40,0.001390,0.054254
0.438000,2190.00,-392.40,0.001446,0.055704
0.439000,2195.00,-397.40,0.001503,0.057155
0.440000,2200.00,-402.40,0.001622,0.060127
0.441000,2205.00,-407.40,0.001683,0.061631
0.442000,2210.00,-417.40,0.001746,0.063153
0.443000,2215.00,-427.40,0.001811,0.064675
0.444000,2220.00,-437.40,0.001877,0.066215
0.445000,2225.00,-442.40,0.001945,0.067772
0.446000,2230.00,-442.40,0.002014,0.069347
0.447000,2235.00,-447.40,0.002085,0.070922
0.448000,2240.00,-452.40,0.002158,0.072515
0.449000,2245.00,-452.40,0.002232,0.074126
0.450000,2250.00,-452.40,0.002308,0.075737
0.451000,2255.00,-457.40,0.002385,0.077348
0.452000,2260.00,-467.40,0.002464,0.078977
0.453000,2265.00,-467.40,0.002545,0.080641
0.454000,2270.00,-477.40,0.002627,0.082305
0.455000,2275.00,-477.40,0.002711,0.084005
0.456000,2280.00,-482.40,0.002797,0.085705
0.457000,2285.00,-487.40,0.002884,0.087422
0.458000,2290.00,-497.40,0.002973,0.089158
0.459000,2295.00,-502.40,0.003064,0.090929
0.460000,2300.00,-502.40,0.003157,0.092700
0.461000,2305.00,-512.40,0.003348,0.096278
0.462000,2310.00,-517.40,0.003446,0.098102
0.463000,2315.00,-522.40,0.003546,0.099944
0.464000,2320.00,-542.40,0.003751,0.103682
0.465000,2325.00,-552.40,0.003857,0.105578
0.466000,2330.00,-557.40,0.003964,0.107509
0.467000,2335.00,-562.40,0.004074,0.109441
0.468000,2340.00,-562.40,0.004185,0.111390
0.469000,2345.00,-562.40,0.004299,0.113356
0.470000,2350.00,-567.40,0.004414,0.115323
0.471000,2355.00,-582.40,0.004531,0.117308
0.472000,2360.00,-587.40,0.004650,0.119311
0.473000,2365.00,-592.40,0.004772,0.121313
0.474000,2370.00,-602.40,0.005020,0.125318
0.475000,2375.00,-612.40,0.005148,0.127338
0.476000,2380.00,-617.40,0.005277,0.129412
0.477000,2385.00,-622.40,0.005409,0.131504
0.478000,2390.00,-627.40,0.005542,0.133613
0.479000,2395.00,-632.40,0.005678,0.135740
0.480000,2400.00,-637.40,0.005816,0.137885
0.481000,2405.00,-642.40,0.005956,0.140048
0.482000,2410.00,-642.40,0.006098,0.142228
0.483000,2415.00,-647.40,0.006243,0.144426
0.484000,2420.00,-652.40,0.006389,0.146643
0.485000,2425.00,-652.40,0.006538,0.148877
0.486000,2430.00,-657.40,0.006689,0.151128
0.487000,2435.00,-667.40,0.006843,0.153398
0.488000,2440.00,-672.40,0.006998,0.155685
0.489000,2445.00,-677.40,0.007156,0.157972
0.490000,2450.00,-682.40,0.007644,0.164923
0.491000,2455.00,-687.40,0.007981,0.169641
0.492000,2460.00,-1377.60,0.008153,0.172017
0.493000,2465.00,-692.40,0.008504,0.176787
0.494000,2470.00,-692.40,0.008865,0.181611
0.495000,2475.00,-697.40,0.009049,0.184023
0.496000,2480.00,-717.40,0.009424,0.188865
0.497000,2485.00,-742.40,0.010609,0.203551
0.498000,2490.00,-767.40,0.011023,0.208535
0.499000,2495.00,-777.40,0.011664,0.216198
0.500000,2500.00,-782.40,0.012104,0.221413
0.501000,2505.00,-782.40,0.012329,0.224039
0.502000,2510.00,-797.40,0.012555,0.226682
0.503000,2515.00,-802.40,0.013017,0.232023
0.504000,2520.00,-807.40,0.013251,0.234737
0.505000,2525.00,-812.40,0.013489,0.237470
0.506000,2530.00,-817.40,0.013729,0.240202
0.507000,2535.00,-817.40,0.014218,0.245756
0.508000,2540.00,-822.40,0.014466,0.248542
0.509000,2545.00,-822.40,0.014718,0.251363
0.510000,2550.00,-822.40,0.014972,0.254202
0.511000,2555.00,-822.40,0.015229,0.257059
0.512000,2560.00,-832.40,0.015489,0.259934
0.513000,2565.00,-832.40,0.016017,0.265720
0.514000,2570.00,-837.40,0.016286,0.268630
0.515000,2575.00,-842.40,0.016558,0.271541
0.516000,2580.00,-852.40,0.016832,0.274469
0.517000,2585.00,-857.40,0.017109,0.277397
0.518000,2590.00,-862.40,0.017673,0.283254
0.519000,2595.00,-862.40,0.017959,0.286182
0.520000,2600.00,-867.40,0.018835,0.295073
0.521000,2605.00,-877.40,0.019134,0.298055
0.522000,2610.00,-882.40,0.019435,0.301054
0.523000,2615.00,-887.40,0.019739,0.304090
0.524000,2620.00,-897.40,0.020046,0.307142
0.525000,2625.00,-907.40,0.020669,0.313284
0.526000,2630.00,-917.40,0.021628,0.322603
0.527000,2635.00,-922.40,0.022282,0.328904
0.528000,2640.00,-927.40,0.022614,0.332082
0.529000,2645.00,-927.40,0.022950,0.335277
0.530000,2650.00,-927.40,0.023288,0.338490
0.531000,2655.00,-937.40,0.023630,0.341721
0.532000,2660.00,-937.40,0.023975,0.344952
0.533000,2665.00,-942.40,0.024323,0.348201
0.534000,2670.00,-942.40,0.025029,0.354751
0.535000,2675.00,-952.40,0.025749,0.361356
0.536000,2680.00,-952.40,0.026113,0.364658
0.537000,2685.00,-957.40,0.026481,0.367960
0.538000,2690.00,-967.40,0.026853,0.371262
0.539000,2695.00,-977.40,0.027986,0.381293
0.540000,2700.00,-977.40,0.028371,0.384649
0.541000,2705.00,-982.40,0.028759,0.388004
0.542000,2710.00,-982.40,0.029545,0.394786
0.543000,2715.00,-987.40,0.029943,0.398195
0.544000,2720.00,-997.40,0.030345,0.401622
0.545000,2725.00,-1002.40,0.030750,0.405067
0.546000,2730.00,-1002.40,0.031571,0.411991
0.547000,2735.00,-1007.40,0.031986,0.415471
0.548000,2740.00,-1012.40,0.032405,0.418969
0.549000,2745.00,-1022.40,0.032828,0.422467
0.550000,2750.00,-1022.40,0.033254,0.425983
0.551000,2755.00,-1032.40,0.033683,0.429499
0.552000,2760.00,-1037.40,0.034116,0.433050
0.553000,2765.00,-1042.40,0.034993,0.440188
0.554000,2770.00,-1047.40,0.035437,0.443775
0.555000,2775.00,-1047.40,0.035884,0.447380
0.556000,2780.00,-1047.40,0.036790,0.454661
0.557000,2785.00,-1047.40,0.037248,0.458337
0.558000,2790.00,-1047.40,0.037710,0.462031
0.559000,2795.00,-1057.40,0.038645,0.469454
0.560000,2800.00,-1062.40,0.039119,0.473183
0.561000,2805.00,-1062.40,0.039595,0.476913
0.562000,2810.00,-1067.40,0.040076,0.480642
0.563000,2815.00,-1067.40,0.040560,0.484371
0.564000,2820.00,-1067.40,0.041049,0.488101
0.565000,2825.00,-1067.40,0.041540,0.491866
0.566000,2830.00,-1077.40,0.042036,0.495649
0.567000,2835.00,-1082.40,0.042535,0.499431
0.568000,2840.00,-1087.40,0.043039,0.503232
0.569000,2845.00,-1087.40,0.043546,0.507033
0.570000,2850.00,-1092.40,0.044057,0.510833
0.571000,2855.00,-1092.40,0.044571,0.514634
0.572000,2860.00,-1097.40,0.045090,0.518470
0.573000,2865.00,-1097.40,0.045612,0.522324
0.574000,2870.00,-1097.40,0.046138,0.526196
0.575000,2875.00,-1097.40,0.046668,0.530068
0.576000,2880.00,-1097.40,0.047202,0.533957
0.577000,2885.00,-1097.40,0.047740,0.537847
0.578000,2890.00,-1102.40,0.048282,0.541754
0.579000,2895.00,-1102.40,0.048828,0.545662
0.580000,2900.00,-1102.40,0.049931,0.553477
0.581000,2905.00,-1102.40,0.050488,0.557384
0.582000,2910.00,-1102.40,0.051049,0.561292
0.583000,2915.00,-1112.40,0.051614,0.565217
0.584000,2920.00,-1117.40,0.052184,0.569142
0.585000,2925.00,-1122.40,0.052757,0.573067
0.586000,2930.00,-1127.40,0.053334,0.576992
0.587000,2935.00,-1127.40,0.053915,0.580918
0.588000,2940.00,-1127.40,0.054499,0.584879
0.589000,2945.00,-1127.40,0.055088,0.588857
0.590000,2950.00,-1142.40,0.055681,0.592854
0.591000,2955.00,-1142.40,0.056278,0.596868
0.592000,2960.00,-1147.40,0.056879,0.600882
0.593000,2965.00,-1152.40,0.057484,0.604896
0.594000,2970.00,-1152.40,0.058093,0.608911
0.595000,2975.00,-1162.40,0.059323,0.617046
0.596000,2980.00,-1172.40,0.059944,0.621131
0.597000,2985.00,-1177.40,0.060569,0.625235
0.598000,2990.00,-1182.40,0.061198,0.629338
0.599000,2995.00,-1182.40,0.061832,0.633459
0.600000,3000.00,-1187.40,0.062469,0.637598
0.601000,3005.00,-1192.40,0.063111,0.641772
0.602000,3010.00,-1197.40,0.063757,0.645964
0.603000,3015.00,-1202.40,0.064407,0.650175
0.604000,3020.00,-3962.60,0.065062,0.654385
0.605000,3025.00,-1207.40,0.065720,0.658613
0.606000,3030.00,-1212.40,0.066383,0.662858
0.607000,3035.00,-1217.40,0.067050,0.667122
0.608000,3040.00,-1217.40,0.067722,0.671403
0.609000,3045.00,-1227.40,0.068397,0.675702
0.610000,3050.00,-1227.40,0.069077,0.680001
0.611000,3055.00,-1232.40,0.069762,0.684318
0.612000,3060.00,-1232.40,0.070450,0.688653
0.613000,3065.00,-1237.40,0.071143,0.692987
0.614000,3070.00,-1237.40,0.072543,0.701728
0.615000,3075.00,-1242.40,0.073249,0.706116
0.616000,3080.00,-1242.40,0.073959,0.710504
0.617000,3085.00,-1242.40,0.074674,0.714910
0.618000,3090.00,-6627.60,0.075393,0.719316
0.619000,3095.00,-1252.40,0.076117,0.723740
0.620000,3100.00,-1252.40,0.076845,0.728164
0.621000,3105.00,-1252.40,0.077578,0.732587
0.622000,3110.00,-1257.40,0.078315,0.737029
0.623000,3115.00,-1262.40,0.080553,0.750407
0.624000,3120.00,-1267.40,0.081308,0.754884
0.625000,3125.00,-1277.40,0.082067,0.759379
0.626000,3130.00,-1277.40,0.082831,0.763891
0.627000,3135.00,-1277.40,0.083599,0.768440
0.628000,3140.00,-1282.40,0.084372,0.772988
0.629000,3145.00,-1287.40,0.085150,0.777536
0.630000,3150.00,-1292.40,0.085932,0.782103
0.631000,3155.00,-1297.40,0.086719,0.786687
0.632000,3160.00,-1302.40,0.087510,0.791288
0.633000,3165.00,-1302.40,0.088306,0.795908
0.634000,3170.00,-1307.40,0.089106,0.800545
0.635000,3175.00,-1312.40,0.089912,0.805183
0.636000,3180.00,-1317.40,0.091536,0.814511
0.637000,3185.00,-1322.40,0.092355,0.819184
0.638000,3190.00,-1327.40,0.093179,0.823874
0.639000,3195.00,-1332.40,0.094008,0.828583
0.640000,3200.00,-1332.40,0.094841,0.833309
0.641000,3205.00,-1332.40,0.097369,0.847542
0.642000,3210.00,-1347.40,0.098222,0.852339
0.643000,3215.00,-1347.40,0.099079,0.857137
0.644000,3220.00,-1357.40,0.099941,0.861970
0.645000,3225.00,-1357.40,0.101679,0.871654
0.646000,3230.00,-1362.40,0.102556,0.876541
0.647000,3235.00,-1372.40,0.103437,0.881428
0.648000,3240.00,-1382.40,0.106111,0.896265
0.649000,3245.00,-1387.40,0.107012,0.901259
0.650000,3250.00,-1397.40,0.107919,0.906270
0.651000,3255.00,-1402.40,0.108830,0.911299
0.652000,3260.00,-1407.40,0.109746,0.916328
0.653000,3265.00,-1412.40,0.110668,0.921375
0.654000,3270.00,-1412.40,0.111594,0.926422
0.655000,3275.00,-1417.40,0.112525,0.931468
0.656000,3280.00,-1417.40,0.113462,0.936515
0.657000,3285.00,-1417.40,0.114404,0.941580
0.658000,3290.00,-1417.40,0.115350,0.946680
0.659000,3295.00,-1422.40,0.116302,0.951780
0.660000,3300.00,-1432.40,0.117259,0.956916
0.661000,3305.00,-1432.40,0.118221,0.962070
0.662000,3310.00,-1442.40,0.119188,0.967241
0.663000,3315.00,-1447.40,0.120161,0.972448
0.664000,3320.00,-1452.40,0.121138,0.977655
0.665000,3325.00,-1462.40,0.124103,0.993419
0.666000,3330.00,-1472.40,0.125102,0.998715
0.667000,3335.00,-1472.40,0.126106,1.004011
0.668000,3340.00,-1482.40,0.127115,1.009343
0.669000,3345.00,-1487.40,0.128130,1.014692
0.670000,3350.00,-1487.40,0.129150,1.020060
0.671000,3355.00,-1497.40,0.130175,1.025445
0.672000,3360.00,-1507.40,0.132242,1.036268
0.673000,3365.00,-1512.40,0.134331,1.047145
0.674000,3370.00,-1517.40,0.135384,1.052619
0.675000,3375.00,-1527.40,0.137505,1.063603
0.676000,3380.00,-1527.40,0.138574,1.069113
0.677000,3385.00,-1542.40,0.140729,1.080275
0.678000,3390.00,-1542.40,0.141815,1.085891
0.679000,3395.00,-1547.40,0.142907,1.091543
0.680000,3400.00,-1572.40,0.145107,1.102883
0.681000,3405.00,-1577.40,0.146216,1.108553
0.682000,3410.00,-1587.40,0.147330,1.114259
0.683000,3415.00,-1592.40,0.148450,1.120000
0.684000,3420.00,-1592.40,0.150707,1.131535
0.685000,3425.00,-1612.40,0.152988,1.143160
0.686000,3430.00,-1617.40,0.154137,1.149026
0.687000,3435.00,-1627.40,0.156452,1.160793
0.688000,3440.00,-1637.40,0.157619,1.166730
0.689000,3445.00,-1647.40,0.158792,1.172667
0.690000,3450.00,-1647.40,0.159970,1.178640
0.691000,3455.00,-1657.40,0.161155,1.184630
0.692000,3460.00,-1667.40,0.163542,1.196646
0.693000,3465.00,-1677.40,0.164745,1.202690
0.694000,3470.00,-1682.40,0.165954,1.208752
0.695000,3475.00,-1687.40,0.167168,1.214831
0.696000,3480.00,-1697.40,0.169616,1.227043
0.697000,3485.00,-1702.40,0.170850,1.233176
0.698000,3490.00,-1707.40,0.172089,1.239309
0.699000,3495.00,-1707.40,0.173334,1.245513
0.700000,3500.00,-1722.40,0.174586,1.251735
0.701000,3505.00,-1722.40,0.175844,1.257974
0.702000,3510.00,-1722.40,0.177108,1.264214
0.703000,3515.00,-1742.40,0.178379,1.270489
0.704000,3520.00,-1747.40,0.179656,1.276782
0.705000,3525.00,-1752.40,0.180939,1.283075
0.706000,3530.00,-1752.40,0.182228,1.289404
0.707000,3535.00,-1762.40,0.183524,1.295750
0.708000,3540.00,-1767.40,0.184826,1.302097
0.709000,3545.00,-1767.40,0.186134,1.308479
0.710000,3550.00,-1777.40,0.187449,1.314879
0.711000,3555.00,-1782.40,0.188771,1.321279
0.712000,3560.00,-1782.40,0.190098,1.327696
0.713000,3565.00,-1792.40,0.191432,1.334132
0.714000,3570.00,-1797.40,0.192773,1.340585
0.715000,3575.00,-1802.40,0.195474,1.353509
0.716000,3580.00,-1807.40,0.196834,1.359998
0.717000,3585.00,-1812.40,0.198200,1.366487
0.718000,3590.00,-1817.40,0.200953,1.379518
0.719000,3595.00,-1822.40,0.202339,1.386078
0.720000,3600.00,-1822.40,0.203731,1.392638
0.721000,3605.00,-1827.40,0.205131,1.399234
0.722000,3610.00,-1832.40,0.206536,1.405830
0.723000,3615.00,-1842.40,0.207949,1.412426
0.724000,3620.00,-1842.40,0.209368,1.419057
0.725000,3625.00,-1852.40,0.210794,1.425688
0.726000,3630.00,-1852.40,0.212226,1.432319
0.727000,3635.00,-1852.40,0.213665,1.438951
0.728000,3640.00,-1862.40,0.215110,1.445653
0.729000,3645.00,-1862.40,0.216563,1.452374
0.730000,3650.00,-1862.40,0.219488,1.465868
0.731000,3655.00,-1882.40,0.220960,1.472641
0.732000,3660.00,-1887.40,0.222440,1.479433
0.733000,3665.00,-1892.40,0.223926,1.486242
0.734000,3670.00,-1897.40,0.225419,1.493069
0.735000,3675.00,-1902.40,0.226919,1.499932
0.736000,3680.00,-1907.40,0.228426,1.506813
0.737000,3685.00,-1912.40,0.229928,1.501907
0.738000,3690.00,-1917.40,0.231425,1.497002
0.739000,3695.00,-1927.40,0.232929,1.503936
0.740000,3700.00,-1932.40,0.234428,1.499031
0.741000,3705.00,1377.60,0.235934,1.505983
0.742000,3710.00,1377.60,0.237435,1.501078
0.743000,3715.00,1377.60,0.240434,1.503178
0.744000,3720.00,-1952.40,0.241932,1.498273
0.745000,3725.00,1377.60,0.243438,1.505314
0.746000,3730.00,1377.60,0.244938,1.500408
0.747000,3735.00,-1967.40,0.246434,1.495503
0.748000,3740.00,1377.60,0.247936,1.502598
0.749000,3745.00,-1977.40,0.249434,1.497692
0.750000,3750.00,1377.60,0.250939,1.504822
0.751000,3755.00,1377.60,0.252439,1.499917
0.752000,3760.00,-1992.40,0.253946,1.507065
0.753000,3765.00,1377.60,0.255448,1.502160
0.754000,3770.00,-2002.40,0.256945,1.497254
0.755000,3775.00,1377.60,0.258450,1.504438
0.756000,3780.00,-2007.40,0.259949,1.499533
0.757000,3785.00,1377.60,0.261456,1.506769
0.758000,3790.00,1377.60,0.262958,1.501864
0.759000,3795.00,-2017.40,0.264455,1.496959
0.760000,3800.00,1377.60,0.265959,1.504249
0.761000,3805.00,-2032.40,0.267458,1.499344
0.762000,3810.00,1377.60,0.268965,1.506669
0.763000,3815.00,1377.60,0.270467,1.501764
0.764000,3820.00,-2047.40,0.271964,1.496859
0.765000,3825.00,1377.60,0.273468,1.504238
0.766000,3830.00,-2057.40,0.274967,1.499333
0.767000,3835.00,1377.60,0.276474,1.506748
0.768000,3840.00,1377.60,0.277976,1.501843
0.769000,3845.00,-2072.40,0.279473,1.496938
0.770000,3850.00,1377.60,0.280977,1.504388
0.771000,3855.00,-2082.40,0.282477,1.499483
0.772000,3860.00,1377.60,0.283984,1.506986
0.773000,3865.00,1377.60,0.285486,1.502081
0.774000,3870.00,-2092.40,0.286983,1.497176
0.775000,3875.00,-2107.40,0.289987,1.499828
0.776000,3880.00,1377.60,0.292997,1.502498
0.777000,3885.00,-2122.40,0.294495,1.497593
0.778000,3890.00,1377.60,0.296000,1.505185
0.779000,3895.00,-2127.40,0.297500,1.500280
0.780000,3900.00,1377.60,0.298996,1.495375
0.781000,3905.00,1377.60,0.300499,1.503021
0.782000,3910.00,-2132.40,0.301997,1.498116
0.783000,3915.00,1377.60,0.303503,1.505816
0.784000,3920.00,1377.60,0.305004,1.500910
0.785000,3925.00,-2147.40,0.306500,1.496005
0.786000,3930.00,1377.60,0.308003,1.503740
0.787000,3935.00,-2162.40,0.309502,1.498835
0.788000,3940.00,1377.60,0.311009,1.506606
0.789000,3945.00,1377.60,0.314007,1.496796
0.790000,3950.00,-2172.40,0.315512,1.504602
0.791000,3955.00,1377.60,0.317012,1.499697
0.792000,3960.00,-2182.40,0.318519,1.507575
0.793000,3965.00,1377.60,0.320022,1.502669
0.794000,3970.00,1377.60,0.321520,1.497764
0.795000,3975.00,-2192.40,0.323025,1.505677
0.796000,3980.00,1377.60,0.324526,1.500772
0.797000,3985.00,-2212.40,0.326022,1.495867
0.798000,3990.00,1377.60,0.327526,1.503834
0.799000,3995.00,1377.60,0.329025,1.498929
0.800000,4000.00,-2222.40,0.330532,1.506913
0.801000,4005.00,1377.60,0.332034,1.502008
0.802000,4010.00,1377.60,0.333531,1.497103
0.803000,4015.00,-2237.40,0.335036,1.505141
0.804000,4020.00,1377.60,0.336536,1.500235
0.805000,4025.00,-2242.40,0.338031,1.495330
0.806000,4030.00,1377.60,0.339535,1.503404
0.807000,4035.00,1377.60,0.341033,1.498499
0.808000,4040.00,-2257.40,0.342540,1.506607
0.809000,4045.00,1377.60,0.344042,1.501702
0.810000,4050.00,1377.60,0.345538,1.496797
0.811000,4055.00,-2267.40,0.347043,1.504942
0.812000,4060.00,1377.60,0.348543,1.500037
0.813000,4065.00,-2277.40,0.350039,1.495132
0.814000,4070.00,1377.60,0.351542,1.503347
0.815000,4075.00,1377.60,0.353040,1.498442
0.816000,4080.00,-2287.40,0.354547,1.506694
0.817000,4085.00,1377.60,0.356049,1.501789
0.818000,4090.00,1377.60,0.357546,1.496883
0.819000,4095.00,-2307.40,0.359051,1.505188
0.820000,4100.00,1377.60,0.360551,1.500283
0.821000,4105.00,1377.60,0.363550,1.503736
0.822000,4110.00,1377.60,0.365049,1.498831
0.823000,4115.00,-2332.40,0.366556,1.507225
0.824000,4120.00,1377.60,0.368059,1.502320
0.825000,4125.00,1377.60,0.369556,1.497415
0.826000,4130.00,-2347.40,0.371062,1.505897
0.827000,4135.00,-2357.40,0.374059,1.496087
0.828000,4140.00,1377.60,0.375564,1.504623
0.829000,4145.00,1377.60,0.377063,1.499718
0.830000,4150.00,-2382.40,0.380075,1.503385
0.831000,4155.00,1377.60,0.381574,1.498480
0.832000,4160.00,1377.60,0.384583,1.502165
0.833000,4165.00,-2397.40,0.386080,1.497259
0.834000,4170.00,1377.60,0.387586,1.505920
0.835000,4175.00,-2407.40,0.389087,1.501015
0.836000,4180.00,1377.60,0.390583,1.496110
0.837000,4185.00,1377.60,0.392088,1.504807
0.838000,4190.00,-2412.40,0.393588,1.499901
0.839000,4195.00,1377.60,0.395096,1.508616
0.840000,4200.00,1377.60,0.396600,1.503711
0.841000,4205.00,-2432.40,0.398099,1.498805
0.842000,4210.00,1377.60,0.399606,1.507555
0.843000,4215.00,1377.60,0.401109,1.502650
0.844000,4220.00,-2442.40,0.402607,1.497745
0.845000,4225.00,1377.60,0.404113,1.506548
0.846000,4230.00,-2447.40,0.405615,1.501643
0.847000,4235.00,1377.60,0.407112,1.496738
0.848000,4240.00,1377.60,0.408617,1.505595
0.849000,4245.00,-2457.40,0.410118,1.500690
0.850000,4250.00,1377.60,0.411614,1.495785
0.851000,4255.00,1377.60,0.413119,1.504677
0.852000,4260.00,-2472.40,0.414618,1.499772
0.853000,4265.00,1377.60,0.416127,1.508682
0.854000,4270.00,1377.60,0.417631,1.503777
0.855000,4275.00,-2487.40,0.419130,1.498872
0.856000,4280.00,1377.60,0.422140,1.502930
0.857000,4285.00,1377.60,0.423638,1.498025
0.858000,4290.00,-2497.40,0.425145,1.507024
0.859000,4295.00,1377.60,0.426648,1.502119
0.860000,4300.00,1377.60,0.428145,1.497214
0.861000,4305.00,-2517.40,0.429651,1.506266
0.862000,4310.00,1377.60,0.431152,1.501361
0.863000,4315.00,1377.60,0.432649,1.496456
0.864000,4320.00,-2527.40,0.434154,1.505562
0.865000,4325.00,1377.60,0.435655,1.500657
0.866000,4330.00,-2542.40,0.437151,1.495752
0.867000,4335.00,1377.60,0.440156,1.500006
0.868000,4340.00,1377.60,0.441651,1.495101
0.869000,4345.00,-2557.40,0.443155,1.504260
0.870000,4350.00,1377.60,0.444655,1.499355
0.871000,4355.00,1377.60,0.446163,1.508515
0.872000,4360.00,-2572.40,0.447667,1.503609
0.873000,4365.00,1377.60,0.449165,1.498704
0.874000,4370.00,1377.60,0.450673,1.507953
0.875000,4375.00,-2572.40,0.452176,1.503048
0.876000,4380.00,1377.60,0.453674,1.498142
0.877000,4385.00,-2572.40,0.455182,1.507444
0.878000,4390.00,1377.60,0.456684,1.502539
0.879000,4395.00,1377.60,0.458182,1.497634
0.880000,4400.00,-2597.40,0.462688,1.497179
0.881000,4405.00,1377.60,0.464195,1.506570
0.882000,4410.00,1377.60,0.465697,1.501665
0.883000,4415.00,-2612.40,0.467193,1.496760
0.884000,4420.00,1377.60,0.468700,1.506222
0.885000,4425.00,1377.60,0.470201,1.501316
0.886000,4430.00,-2627.40,0.471697,1.496411
0.887000,4435.00,1377.60,0.473203,1.505909
0.888000,4440.00,1377.60,0.474704,1.501004
0.889000,4445.00,-2637.40,0.476200,1.496099
0.890000,4450.00,1377.60,0.477706,1.505632
0.891000,4455.00,1377.60,0.479207,1.500727
0.892000,4460.00,1377.60,0.480702,1.495822
0.893000,4465.00,1377.60,0.482208,1.505390
0.894000,4470.00,1377.60,0.483708,1.500485
0.895000,4475.00,-2677.40,0.485204,1.495580
0.896000,4480.00,1377.60,0.486709,1.505167
0.897000,4485.00,-2687.40,0.488209,1.500262
0.898000,4490.00,1377.60,0.489705,1.495357
0.899000,4495.00,1377.60,0.491210,1.504979
0.900000,4500.00,-2692.40,0.492710,1.500074
0.901000,4505.00,1377.60,0.494205,1.495169
0.902000,4510.00,1377.60,0.495710,1.504844
0.903000,4515.00,-2702.40,0.497210,1.499939
0.904000,4520.00,1377.60,0.498719,1.509633
0.905000,4525.00,1377.60,0.500224,1.504727
0.906000,4530.00,-2717.40,0.501724,1.499822
0.907000,4535.00,1377.60,0.503233,1.509551
0.908000,4540.00,-2722.40,0.504738,1.504646
0.909000,4545.00,1377.60,0.506238,1.499741
0.910000,4550.00,1377.60,0.507747,1.509524
0.911000,4555.00,-2732.40,0.509252,1.504619
0.912000,4560.00,1377.60,0.510752,1.499713
0.913000,4565.00,1377.60,0.512261,1.509531
0.914000,4570.00,-2747.40,0.513766,1.504626
0.915000,4575.00,1377.60,0.515266,1.499721
0.916000,4580.00,1377.60,0.516775,1.509593
0.917000,4585.00,-2757.40,0.518280,1.504688
0.918000,4590.00,1377.60,0.519780,1.499782
0.919000,4595.00,1377.60,0.521289,1.509725
0.920000,4600.00,-2772.40,0.522794,1.504820
0.921000,4605.00,1377.60,0.524294,1.499915
0.922000,4610.00,1377.60,0.525804,1.509858
0.923000,4615.00,-2792.40,0.527309,1.504952
0.924000,4620.00,1377.60,0.528809,1.500047
0.925000,4625.00,1377.60,0.530304,1.495142
0.926000,4630.00,-2792.40,0.531809,1.505192
0.927000,4635.00,1377.60,0.533310,1.500287
0.928000,4640.00,1377.60,0.534805,1.495382
0.929000,4645.00,1377.60,0.536310,1.505484
0.930000,4650.00,-2822.40,0.537811,1.500579
0.931000,4655.00,1377.60,0.539307,1.495674
0.932000,4660.00,1377.60,0.540813,1.505813
0.933000,4665.00,-2837.40,0.542313,1.500908
0.934000,4670.00,1377.60,0.543809,1.496003
0.935000,4675.00,1377.60,0.545316,1.506159
0.936000,4680.00,-2847.40,0.546817,1.501254
0.937000,4685.00,1377.60,0.548313,1.496349
0.938000,4690.00,1377.60,0.549820,1.506523
0.939000,4695.00,-2852.40,0.551321,1.501618
0.940000,4700.00,1377.60,0.552818,1.496713
0.941000,4705.00,1377.60,0.554325,1.506958
0.942000,4710.00,-2857.40,0.555827,1.502053
0.943000,4715.00,1377.60,0.557324,1.497148
0.944000,4720.00,1377.60,0.558832,1.507446
0.945000,4725.00,-2877.40,0.560334,1.502541
0.946000,4730.00,1377.60,0.561832,1.497636
0.947000,4735.00,1377.60,0.563340,1.508006
0.948000,4740.00,-2892.40,0.564843,1.503101
0.949000,4745.00,1377.60,0.566341,1.498196
0.950000,4750.00,-2912.40,0.567850,1.508566
0.951000,4755.00,1377.60,0.569353,1.503661
0.952000,4760.00,1377.60,0.570852,1.498756
0.953000,4765.00,-2912.40,0.572361,1.509179
0.954000,4770.00,1377.60,0.573866,1.504274
0.955000,4775.00,1377.60,0.575365,1.499369
0.956000,4780.00,1377.60,0.576875,1.509828
0.957000,4785.00,1377.60,0.578380,1.504923
0.958000,4790.00,-2972.40,0.579880,1.500017
0.959000,4795.00,1377.60,0.581375,1.495112
0.960000,4800.00,1377.60,0.584381,1.500791
0.961000,4805.00,1377.60,0.585877,1.495886
0.962000,4810.00,1377.60,0.588885,1.501600
0.963000,4815.00,1377.60,0.590382,1.496695
0.964000,4820.00,-3017.40,0.591889,1.507332
0.965000,4825.00,1377.60,0.593392,1.502427
0.966000,4830.00,1377.60,0.594889,1.497521
0.967000,4835.00,-3037.40,0.596397,1.508230
0.968000,4840.00,1377.60,0.597901,1.503325
0.969000,4845.00,1377.60,0.599399,1.498419
0.970000,4850.00,1377.60,0.600908,1.509163
0.971000,4855.00,-3052.40,0.602413,1.504258
0.972000,4860.00,1377.60,0.603912,1.499353
0.973000,4865.00,1377.60,0.605422,1.510168
0.974000,4870.00,-3067.40,0.606927,1.505263
0.975000,4875.00,1377.60,0.608428,1.500358
0.976000,4880.00,1377.60,0.609923,1.495453
0.977000,4885.00,-3077.40,0.611430,1.506321
0.978000,4890.00,1377.60,0.612931,1.501416
0.979000,4895.00,1377.60,0.614427,1.496511
0.980000,4900.00,-3082.40,0.615935,1.507433
0.981000,4905.00,1377.60,0.617437,1.502528
0.982000,4910.00,1377.60,0.618935,1.497623
0.983000,4915.00,-3097.40,0.620444,1.508580
0.984000,4920.00,1377.60,0.623446,1.498770
0.985000,4925.00,1377.60,0.626461,1.504840
0.986000,4930.00,1377.60,0.627961,1.499935
0.987000,4935.00,-3117.40,0.629472,1.510964
0.988000,4940.00,1377.60,0.630978,1.506058
0.989000,4945.00,1377.60,0.632479,1.501153
0.990000,4950.00,-3147.40,0.633975,1.496248
0.991000,4955.00,1377.60,0.635482,1.507348
0.992000,4960.00,1377.60,0.636985,1.502443
0.993000,4965.00,-3172.40,0.638482,1.497538
0.994000,4970.00,1377.60,0.639991,1.508745
0.995000,4975.00,1377.60,0.641495,1.503839
0.996000,4980.00,1377.60,0.642994,1.498934
0.997000,4985.00,-3187.40,0.644504,1.510230
0.998000,4990.00,1377.60,0.646009,1.505325
0.999000,4995.00,1377.60,0.647510,1.500420
1.000000,5000.00,-3202.40,0.649005,1.495515
1.001000,5005.00,1377.60,0.650512,1.506864
1.002000,5010.00,1377.60,0.652014,1.501959
1.003000,5015.00,-3217.40,0.653511,1.497054
1.004000,5020.00,1377.60,0.655020,1.508456
1.005000,5025.00,1377.60,0.656523,1.503551
1.006000,5030.00,1377.60,0.658022,1.498646
1.007000,5035.00,-3232.40,0.659532,1.510102
1.008000,5040.00,1377.60,0.661037,1.505197
1.009000,5045.00,1377.60,0.662538,1.500292
1.010000,5050.00,-3232.40,0.664033,1.495387
1.011000,5055.00,1377.60,0.665540,1.506896
1.012000,5060.00,1377.60,0.667042,1.501991
1.013000,5065.00,-3252.40,0.668539,1.497086
1.014000,5070.00,1377.60,0.673050,1.498785
1.015000,5075.00,1377.60,0.674560,1.510365
1.016000,5080.00,-3272.40,0.676066,1.505460
1.017000,5085.00,1377.60,0.677566,1.500555
1.018000,5090.00,1377.60,0.679062,1.495650
1.019000,5095.00,-3277.40,0.682072,1.502397
1.020000,5100.00,1377.60,0.683569,1.497492
1.021000,5105.00,1377.60,0.685078,1.509161
1.022000,5110.00,-3287.40,0.686583,1.504256
1.023000,5115.00,1377.60,0.688082,1.499351
1.024000,5120.00,1377.60,0.689593,1.511056
1.025000,5125.00,1377.60,0.691099,1.506151
1.026000,5130.00,-3317.40,0.692600,1.501246
1.027000,5135.00,1377.60,0.694097,1.496341
1.028000,5140.00,1377.60,0.695605,1.508153
1.029000,5145.00,-3327.40,0.697108,1.503248
1.030000,5150.00,1377.60,0.698606,1.498343
1.031000,5155.00,1377.60,0.700117,1.510190
1.032000,5160.00,1377.60,0.701622,1.505285
1.033000,5165.00,-3352.40,0.703122,1.500380
1.034000,5170.00,1377.60,0.704618,1.495475
1.035000,5175.00,1377.60,0.706125,1.507411
1.036000,5180.00,-3357.40,0.707628,1.502506
1.037000,5185.00,1377.60,0.709125,1.497601
1.038000,5190.00,1377.60,0.710635,1.509556
1.039000,5195.00,-3372.40,0.712140,1.504651
1.040000,5200.00,1377.60,0.713639,1.499745
1.041000,5205.00,1377.60,0.715151,1.511753
1.042000,5210.00,1377.60,0.716658,1.506848
1.043000,5215.00,-3387.40,0.718160,1.501943
1.044000,5220.00,1377.60,0.719657,1.497038
1.045000,5225.00,1377.60,0.722670,1.504194
1.046000,5230.00,-3397.40,0.724169,1.499289
1.047000,5235.00,1377.60,0.725681,1.511386
1.048000,5240.00,1377.60,0.727187,1.506481
1.049000,5245.00,-1377.60,0.728689,1.501576
1.050000,5250.00,-3402.40,0.730186,1.496670
1.051000,5255.00,1377.60,0.731694,1.508785
1.052000,5260.00,1377.60,0.733198,1.503880
1.053000,5265.00,-3412.40,0.734697,1.498975
1.054000,5270.00,1377.60,0.736208,1.511125
1.055000,5275.00,1377.60,0.737715,1.506220
1.056000,5280.00,1377.60,0.739216,1.501315
1.057000,5285.00,-3417.40,0.740712,1.496410
1.058000,5290.00,1377.60,0.743724,1.503673
1.059000,5295.00,-3422.40,0.745223,1.498768
1.060000,5300.00,1377.60,0.746734,1.510954
1.061000,5305.00,1377.60,0.749741,1.501143
1.062000,5310.00,-3442.40,0.751238,1.496238
1.063000,5315.00,1377.60,0.752746,1.508495
1.064000,5320.00,-3462.40,0.755748,1.498685
1.065000,5325.00,1377.60,0.757259,1.511013
1.066000,5330.00,1377.60,0.758766,1.506108
1.067000,5335.00,1377.60,0.760267,1.501203
1.068000,5340.00,-3482.40,0.761763,1.496298
1.069000,5345.00,1377.60,0.763272,1.508698
1.070000,5350.00,1377.60,0.764776,1.503792
1.071000,5355.00,-3502.40,0.766274,1.498887
1.072000,5360.00,1377.60,0.767786,1.511358
1.073000,5365.00,1377.60,0.769292,1.506453
1.074000,5370.00,1377.60,0.770794,1.501548
1.075000,5375.00,-3522.40,0.772290,1.496643
1.076000,5380.00,1377.60,0.773800,1.509185
1.077000,5385.00,1377.60,0.775304,1.504280
1.078000,5390.00,-3532.40,0.778315,1.511952
1.079000,5395.00,1377.60,0.779822,1.507047
1.080000,5400.00,1377.60,0.781324,1.502142
1.081000,5405.00,1377.60,0.782822,1.497237
1.082000,5410.00,-3562.40,0.784332,1.509921
1.083000,5415.00,1377.60,0.785837,1.505016
1.084000,5420.00,1377.60,0.787337,1.500111
1.085000,5425.00,1377.60,0.788832,1.495206
1.086000,5430.00,-3572.40,0.790340,1.507926
1.087000,5435.00,1377.60,0.791843,1.503021
1.088000,5440.00,1377.60,0.793341,1.498115
1.089000,5445.00,-3597.40,0.796358,1.506019
1.090000,5450.00,1377.60,0.797859,1.501114
1.091000,5455.00,1377.60,0.800864,1.509089
1.092000,5460.00,1377.60,0.802368,1.504184
1.093000,5465.00,-3617.40,0.803868,1.499279
1.094000,5470.00,1377.60,0.805380,1.512230
1.095000,5475.00,1377.60,0.806887,1.507325
1.096000,5480.00,-3637.40,0.808390,1.502420
1.097000,5485.00,1377.60,0.811398,1.510502
1.098000,5490.00,1377.60,0.812903,1.505597
1.099000,5495.00,-3647.40,0.815900,1.495787
1.100000,5500.00,1377.60,0.817409,1.508898
1.101000,5505.00,1377.60,0.818913,1.503993
1.102000,5510.00,1377.60,0.820412,1.499088
1.103000,5515.00,-3682.40,0.821924,1.512235
1.104000,5520.00,1377.60,0.823431,1.507330
1.105000,5525.00,1377.60,0.824934,1.502425
1.106000,5530.00,-3692.40,0.826431,1.497520
1.107000,5535.00,1377.60,0.827942,1.510739
1.108000,5540.00,1377.60,0.832445,1.496023
1.109000,5545.00,-3712.40,0.833954,1.509331
1.110000,5550.00,1377.60,0.835459,1.504426
1.111000,5555.00,1377.60,0.838471,1.512846
1.112000,5560.00,1377.60,0.841482,1.503035
1.113000,5565.00,-3737.40,0.842980,1.498130
1.114000,5570.00,1377.60,0.844492,1.511562
1.115000,5575.00,1377.60,0.845998,1.506657
1.116000,5580.00,-3742.40,0.847500,1.501752
1.117000,5585.00,1377.60,0.848997,1.496847
1.118000,5590.00,1377.60,0.850507,1.510297
1.119000,5595.00,1377.60,0.852013,1.505392
1.120000,5600.00,-3772.40,0.853513,1.500487
1.121000,5605.00,1377.60,0.855009,1.495582
1.122000,5610.00,1377.60,0.858022,1.504269
1.123000,5615.00,1377.60,0.859521,1.499364
1.124000,5620.00,-3777.40,0.861034,1.513027
1.125000,5625.00,1377.60,0.862543,1.508122
1.126000,5630.00,1377.60,0.864046,1.503217
1.127000,5635.00,1377.60,0.865544,1.498312
1.128000,5640.00,-3817.40,0.867056,1.512064
1.129000,5645.00,1377.60,0.868563,1.507159
1.130000,5650.00,1377.60,0.870066,1.502254
1.131000,5655.00,-3837.40,0.871563,1.497349
1.132000,5660.00,1377.60,0.873074,1.511173
1.133000,5665.00,1377.60,0.874580,1.506268
1.134000,5670.00,1377.60,0.876082,1.501363
1.135000,5675.00,-3862.40,0.877578,1.496458
1.136000,5680.00,1377.60,0.879089,1.510335
1.137000,5685.00,1377.60,0.880594,1.505430
1.138000,5690.00,1377.60,0.882095,1.500525
1.139000,5695.00,-3882.40,0.883590,1.495619
1.140000,5700.00,1377.60,0.885100,1.509550
1.141000,5705.00,1377.60,0.886604,1.504645
1.142000,5710.00,1377.60,0.888104,1.499740
1.143000,5715.00,-3897.40,0.889618,1.513706
1.144000,5720.00,1377.60,0.891127,1.508801
1.145000,5725.00,1377.60,0.892630,1.503896
1.146000,5730.00,1377.60,0.894129,1.498991
1.147000,5735.00,-3912.40,0.895642,1.513010
1.148000,5740.00,1377.60,0.897151,1.508105
1.149000,5745.00,1377.60,0.898654,1.503200
1.150000,5750.00,-3922.40,0.900152,1.498295
1.151000,5755.00,1377.60,0.901664,1.512386
1.152000,5760.00,1377.60,0.903172,1.507481
1.153000,5765.00,1377.60,0.904675,1.502575
1.154000,5770.00,-3937.40,0.907684,1.511815
1.155000,5775.00,1377.60,0.909191,1.506909
1.156000,5780.00,1377.60,0.910693,1.502004
1.157000,5785.00,1377.60,0.912190,1.497099
1.158000,5790.00,-3957.40,0.913701,1.511332
1.159000,5795.00,1377.60,0.915208,1.506427
1.160000,5800.00,1377.60,0.916709,1.501522
1.161000,5805.00,1377.60,0.918206,1.496617
1.162000,5810.00,-3972.40,0.919717,1.510922
1.163000,5815.00,1377.60,0.922724,1.501111
1.164000,5820.00,1377.60,0.924220,1.496206
1.165000,5825.00,1377.60,0.925731,1.510600
1.166000,5830.00,-3997.40,0.927236,1.505695
1.167000,5835.00,1377.60,0.928737,1.500789
1.168000,5840.00,1377.60,0.931744,1.510402
1.169000,5845.00,-4017.40,0.933249,1.505497
1.170000,5850.00,1377.60,0.934750,1.500592
1.171000,5855.00,1377.60,0.936245,1.495687
1.172000,5860.00,1377.60,0.937756,1.510259
1.173000,5865.00,-4042.40,0.939261,1.505353
1.174000,5870.00,1377.60,0.940761,1.500448
1.175000,5875.00,1377.60,0.942257,1.495543
1.176000,5880.00,1377.60,0.943767,1.510168
1.177000,5885.00,-4077.40,0.945272,1.505263
1.178000,5890.00,1377.60,0.946773,1.500358
1.179000,5895.00,1377.60,0.948268,1.495453
1.180000,5900.00,1377.60,0.949778,1.510113
1.181000,5905.00,-4092.40,0.951283,1.505208
1.182000,5910.00,1377.60,0.952784,1.500303
1.183000,5915.00,1377.60,0.954279,1.495398
1.184000,5920.00,-4107.40,0.957295,1.505225
1.185000,5925.00,1377.60,0.958795,1.500319
1.186000,5930.00,1377.60,0.960290,1.495414
1.187000,5935.00,1377.60,0.961800,1.510217
1.188000,5940.00,-4117.40,0.963306,1.505312
1.189000,5945.00,1377.60,0.964806,1.500407
1.190000,5950.00,1377.60,0.966302,1.495502
1.191000,5955.00,1377.60,0.967812,1.510340
1.192000,5960.00,-4137.40,0.969317,1.505435
1.193000,5965.00,1377.60,0.970818,1.500530
1.194000,5970.00,1377.60,0.972314,1.495625
1.195000,5975.00,1377.60,0.973824,1.510553
1.196000,5980.00,-4157.40,0.975330,1.505648
1.197000,5985.00,1377.60,0.976831,1.500742
1.198000,5990.00,1377.60,0.981343,1.505931
1.199000,5995.00,-4167.40,0.982844,1.501026
1.200000,6000.00,1377.60,0.984340,1.496121
1.201000,6005.00,1377.60,0.985852,1.511173
1.202000,6010.00,1377.60,0.987358,1.506268
1.203000,6015.00,-4192.40,0.988859,1.501363
1.204000,6020.00,1377.60,0.990356,1.496458
1.205000,6025.00,1377.60,0.991867,1.511617
1.206000,6030.00,1377.60,0.993374,1.506711
1.207000,6035.00,-4212.40,0.994876,1.501806
1.208000,6040.00,1377.60,0.996373,1.496901
1.209000,6045.00,1377.60,0.997885,1.512114
1.210000,6050.00,1377.60,0.999392,1.507209
1.211000,6055.00,-4227.40,1.000894,1.502303
1.212000,6060.00,1377.60,1.002392,1.497398
1.213000,6065.00,1377.60,1.003904,1.512664
1.214000,6070.00,1377.60,1.005412,1.507759
1.215000,6075.00,1377.60,1.009926,1.513321
1.216000,6080.00,1377.60,1.011435,1.508416
1.217000,6085.00,1377.60,1.012938,1.503511
1.218000,6090.00,-4272.40,1.014437,1.498606
1.219000,6095.00,1377.60,1.015951,1.514050
1.220000,6100.00,1377.60,1.017460,1.509145
1.221000,6105.00,1377.60,1.018964,1.504240
1.222000,6110.00,-4287.40,1.020464,1.499335
1.223000,6115.00,1377.60,1.021978,1.514850
1.224000,6120.00,1377.60,1.023488,1.509944
1.225000,6125.00,1377.60,1.024993,1.505039
1.226000,6130.00,-4317.40,1.026493,1.500134
1.227000,6135.00,1377.60,1.027989,1.495229
1.228000,6140.00,1377.60,1.029500,1.510815
1.229000,6145.00,1377.60,1.031005,1.505910
1.230000,6150.00,-4337.40,1.032506,1.501005
1.231000,6155.00,1377.60,1.034003,1.496100
1.232000,6160.00,1377.60,1.035514,1.511740
1.233000,6165.00,1377.60,1.037021,1.506835
1.234000,6170.00,-4357.40,1.038523,1.501930
1.235000,6175.00,1377.60,1.040020,1.497024
1.236000,6180.00,1377.60,1.041533,1.512735
1.237000,6185.00,1377.60,1.043041,1.507830
1.238000,6190.00,1377.60,1.044544,1.502925
1.239000,6195.00,-4377.40,1.046042,1.498020
1.240000,6200.00,1377.60,1.047555,1.513820
1.241000,6205.00,1377.60,1.049064,1.508915
1.242000,6210.00,1377.60,1.050568,1.504010
1.243000,6215.00,-4392.40,1.052067,1.499105
1.244000,6220.00,1377.60,1.053582,1.514976
1.245000,6225.00,1377.60,1.055092,1.510071
1.246000,6230.00,1377.60,1.056598,1.505165
1.247000,6235.00,-4412.40,1.058098,1.500260
1.248000,6240.00,1377.60,1.059593,1.495355
1.249000,6245.00,1377.60,1.061105,1.511333
1.250000,6250.00,1377.60,1.062611,1.506428
1.251000,6255.00,-4437.40,1.064113,1.501523
1.252000,6260.00,1377.60,1.065609,1.496618
1.253000,6265.00,1377.60,1.067122,1.512685
1.254000,6270.00,1377.60,1.068630,1.507780
1.255000,6275.00,-4457.40,1.070132,1.502875
1.256000,6280.00,1377.60,1.071630,1.497969
1.257000,6285.00,1377.60,1.073145,1.514090
1.258000,6290.00,1377.60,1.074654,1.509185
1.259000,6295.00,1377.60,1.076158,1.504280
1.260000,6300.00,-4487.40,1.077657,1.499374
1.261000,6305.00,1377.60,1.079173,1.515566
1.262000,6310.00,1377.60,1.080684,1.510661
1.263000,6315.00,1377.60,1.082189,1.505756
1.264000,6320.00,-4512.40,1.083690,1.500851
1.265000,6325.00,1377.60,1.085186,1.495946
1.266000,6330.00,1377.60,1.086698,1.512226
1.267000,6335.00,-4527.40,1.088206,1.507321
1.268000,6340.00,1377.60,1.089708,1.502416
1.269000,6345.00,1377.60,1.091206,1.497511
1.270000,6350.00,1377.60,1.092719,1.513845
1.271000,6355.00,-4547.40,1.094228,1.508940
1.272000,6360.00,1377.60,1.095732,1.504035
1.273000,6365.00,1377.60,1.097232,1.499129
1.274000,6370.00,1377.60,1.098747,1.515552
1.275000,6375.00,1377.60,1.100258,1.510647
1.276000,6380.00,1377.60,1.101764,1.505742
1.277000,6385.00,1377.60,1.103264,1.500837
1.278000,6390.00,-4587.40,1.104760,1.495932
1.279000,6395.00,1377.60,1.106273,1.512408
1.280000,6400.00,1377.60,1.107780,1.507503
1.281000,6405.00,-4612.40,1.109283,1.502598
1.282000,6410.00,1377.60,1.110781,1.497693
1.283000,6415.00,1377.60,1.112295,1.514223
1.284000,6420.00,1377.60,1.113804,1.509318
1.285000,6425.00,-4627.40,1.115308,1.504413
1.286000,6430.00,1377.60,1.116808,1.499508
1.287000,6435.00,1377.60,1.118324,1.516091
1.288000,6440.00,1377.60,1.119835,1.511186
1.289000,6445.00,-4642.40,1.121342,1.506281
1.290000,6450.00,1377.60,1.122843,1.501376
1.291000,6455.00,1377.60,1.124339,1.496470
1.292000,6460.00,1377.60,1.125852,1.513071
1.293000,6465.00,-4657.40,1.127361,1.508166
1.294000,6470.00,1377.60,1.128864,1.503261
1.295000,6475.00,1377.60,1.130362,1.498356
1.296000,6480.00,1377.60,1.131877,1.515046
1.297000,6485.00,1377.60,1.133387,1.510141
1.298000,6490.00,-4662.40,1.134893,1.505236
1.299000,6495.00,1377.60,1.136393,1.500331
1.300000,6500.00,1377.60,1.137888,1.495426
1.301000,6505.00,-4687.40,1.139401,1.512169
1.302000,6510.00,1377.60,1.140908,1.507264
1.303000,6515.00,1377.60,1.142410,1.502359
1.304000,6520.00,1377.60,1.143908,1.497454
1.305000,6525.00,1377.60,1.145422,1.514269
1.306000,6530.00,-4702.40,1.146931,1.509363
1.307000,6535.00,1377.60,1.148436,1.504458
1.308000,6540.00,1377.60,1.149935,1.499553
1.309000,6545.00,1377.60,1.151452,1.516421
1.310000,6550.00,-4722.40,1.152963,1.511516
1.311000,6555.00,1377.60,1.154470,1.506611
1.312000,6560.00,1377.60,1.155972,1.501706
1.313000,6565.00,1377.60,1.157468,1.496801
1.314000,6570.00,-4737.40,1.158982,1.513758
1.315000,6575.00,1377.60,1.161995,1.503948
1.316000,6580.00,1377.60,1.163494,1.499043
1.317000,6585.00,1377.60,1.166521,1.511184
1.318000,6590.00,1377.60,1.168027,1.506278
1.319000,6595.00,-4762.40,1.169529,1.501373
1.320000,6600.00,1377.60,1.172539,1.513586
1.321000,6605.00,1377.60,1.175551,1.503775
1.322000,6610.00,1377.60,1.177050,1.498870
1.323000,6615.00,-4787.40,1.178566,1.516023
1.324000,6620.00,1377.60,1.180077,1.511118
1.325000,6625.00,1377.60,1.181584,1.506213
1.326000,6630.00,1377.60,1.183085,1.501308
1.327000,6635.00,1377.60,1.184581,1.496403
1.328000,6640.00,-4807.40,1.186095,1.513645
1.329000,6645.00,1377.60,1.187604,1.508740
1.330000,6650.00,1377.60,1.189108,1.503834
1.331000,6655.00,1377.60,1.190606,1.498929
1.332000,6660.00,-4817.40,1.192123,1.516243
1.333000,6665.00,1377.60,1.193634,1.511337
1.334000,6670.00,1377.60,1.195140,1.506432
1.335000,6675.00,1377.60,1.196642,1.501527
1.336000,6680.00,1377.60,1.198139,1.496622
1.337000,6685.00,-4842.40,1.201162,1.509048
1.338000,6690.00,1377.60,1.202666,1.504143
1.339000,6695.00,1377.60,1.204165,1.499238
1.340000,6700.00,-4862.40,1.205682,1.516675
1.341000,6705.00,1377.60,1.207193,1.511770
1.342000,6710.00,1377.60,1.208700,1.506865
1.343000,6715.00,1377.60,1.210202,1.501960
1.344000,6720.00,-4867.40,1.211699,1.497055
1.345000,6725.00,1377.60,1.213214,1.514582
1.346000,6730.00,1377.60,1.214724,1.509677
1.347000,6735.00,-4897.40,1.216228,1.504772
1.348000,6740.00,1377.60,1.217728,1.499867
1.349000,6745.00,1377.60,1.219246,1.517447
1.350000,6750.00,1377.60,1.220758,1.512542
1.351000,6755.00,1377.60,1.223769,1.502731
1.352000,6760.00,1377.60,1.225266,1.497826
1.353000,6765.00,1377.60,1.226782,1.515495
1.354000,6770.00,1377.60,1.228292,1.510590
1.355000,6775.00,1377.60,1.229798,1.505685
1.356000,6780.00,1377.60,1.231299,1.500780
1.357000,6785.00,1377.60,1.232795,1.495875
1.358000,6790.00,-4962.40,1.234308,1.513615
1.359000,6795.00,1377.60,1.237321,1.503805
1.360000,6800.00,1377.60,1.238820,1.498900
1.361000,6805.00,1377.60,1.240337,1.516694
1.362000,6810.00,-4982.40,1.241848,1.511789
1.363000,6815.00,1377.60,1.243355,1.506884
1.364000,6820.00,1377.60,1.244857,1.501979
1.365000,6825.00,-4997.40,1.246354,1.497074
1.366000,6830.00,1377.60,1.247869,1.514885
1.367000,6835.00,1377.60,1.249379,1.509980
1.368000,6840.00,1377.60,1.250884,1.505075
1.369000,6845.00,1377.60,1.252384,1.500170
1.370000,6850.00,1377.60,1.253880,1.495265
1.371000,6855.00,1377.60,1.255393,1.513219
1.372000,6860.00,1377.60,1.256901,1.508314
1.373000,6865.00,-5042.40,1.258405,1.503409
1.374000,6870.00,1377.60,1.259903,1.498504
1.375000,6875.00,1377.60,1.261420,1.516547
1.376000,6880.00,-5067.40,1.262931,1.511641
1.377000,6885.00,1377.60,1.264438,1.506736
1.378000,6890.00,1377.60,1.265940,1.501831
1.379000,6895.00,1377.60,1.267437,1.496926
1.380000,6900.00,1377.60,1.268952,1.515040
1.381000,6905.00,-5087.40,1.270462,1.510135
1.382000,6910.00,1377.60,1.271967,1.505230
1.383000,6915.00,1377.60,1.273468,1.500325
1.384000,6920.00,1377.60,1.279489,1.503813
1.385000,6925.00,1377.60,1.280988,1.498908
1.386000,6930.00,-5112.40,1.282505,1.517129
1.387000,6935.00,1377.60,1.284017,1.512224
1.388000,6940.00,1377.60,1.285525,1.507319
1.389000,6945.00,1377.60,1.287027,1.502414
1.390000,6950.00,-5117.40,1.288525,1.497509
1.391000,6955.00,1377.60,1.290040,1.515837
1.392000,6960.00,1377.60,1.291551,1.510931
1.393000,6965.00,1377.60,1.294559,1.501121
1.394000,6970.00,-5147.40,1.296055,1.496216
1.395000,6975.00,1377.60,1.297569,1.514615
1.396000,6980.00,1377.60,1.299079,1.509710
1.397000,6985.00,1377.60,1.300584,1.504805
1.398000,6990.00,-5167.40,1.302084,1.499900
1.399000,6995.00,1377.60,1.303602,1.518424
1.400000,7000.00,1377.60,1.305116,1.513519
1.401000,7005.00,1377.60,1.306624,1.508614
1.402000,7010.00,-5202.40,1.308128,1.503708
1.403000,7015.00,1377.60,1.309627,1.498803
1.404000,7020.00,1377.60,1.311144,1.517398
1.405000,7025.00,1377.60,1.317165,1.497778
1.406000,7030.00,1377.60,1.318681,1.516515
1.407000,7035.00,-5222.40,1.320193,1.511610
1.408000,7040.00,1377.60,1.321700,1.506705
1.409000,7045.00,1377.60,1.323201,1.501800
1.410000,7050.00,1377.60,1.324698,1.496895
1.411000,7055.00,1377.60,1.326214,1.515703
1.412000,7060.00,-5262.40,1.327725,1.510798
1.413000,7065.00,1377.60,1.329231,1.505893
1.414000,7070.00,1377.60,1.330732,1.500988
1.415000,7075.00,1377.60,1.332228,1.496083
1.416000,7080.00,1377.60,1.335253,1.510022
1.417000,7085.00,-5282.40,1.336758,1.505117
1.418000,7090.00,1377.60,1.338258,1.500212
1.419000,7095.00,1377.60,1.339753,1.495307
1.420000,7100.00,1377.60,1.341268,1.514222
1.421000,7105.00,1377.60,1.342777,1.509317
1.422000,7110.00,-5292.40,1.344281,1.504412
1.423000,7115.00,1377.60,1.345781,1.499507
1.424000,7120.00,1377.60,1.347299,1.518476
1.425000,7125.00,1377.60,1.348813,1.513571
1.426000,7130.00,1377.60,1.350322,1.508666
1.427000,7135.00,-5312.40,1.351825,1.503760
1.428000,7140.00,1377.60,1.353324,1.498855
1.429000,7145.00,1377.60,1.354842,1.517878
1.430000,7150.00,1377.60,1.356355,1.512972
1.431000,7155.00,-5327.40,1.357863,1.508067
1.432000,7160.00,1377.60,1.359366,1.503162
1.433000,7165.00,1377.60,1.360864,1.498257
1.434000,7170.00,1377.60,1.362382,1.517368
1.435000,7175.00,1377.60,1.363894,1.512463
1.436000,7180.00,-5342.40,1.365402,1.507558
1.437000,7185.00,1377.60,1.366905,1.502653
1.438000,7190.00,1377.60,1.368402,1.497748
1.439000,7195.00,1377.60,1.369919,1.516913
1.440000,7200.00,1377.60,1.371431,1.512008
1.441000,7205.00,-5367.40,1.372938,1.507102
1.442000,7210.00,1377.60,1.374440,1.502197
1.443000,7215.00,1377.60,1.375938,1.497292
1.444000,7220.00,1377.60,1.378966,1.511623
1.445000,7225.00,1377.60,1.380473,1.506718
1.446000,7230.00,-5382.40,1.381974,1.501813
1.447000,7235.00,1377.60,1.383471,1.496908
1.448000,7240.00,1377.60,1.384988,1.516215
1.449000,7245.00,1377.60,1.386499,1.511310
1.450000,7250.00,1377.60,1.388005,1.506405
1.451000,7255.00,-5402.40,1.389507,1.501499
1.452000,7260.00,1377.60,1.391003,1.496594
1.453000,7265.00,1377.60,1.392519,1.515973
1.454000,7270.00,1377.60,1.394030,1.511068
1.455000,7275.00,1377.60,1.395537,1.506162
1.456000,7280.00,-5422.40,1.397038,1.501257
1.457000,7285.00,1377.60,1.398534,1.496352
1.458000,7290.00,1377.60,1.400050,1.515802
1.459000,7295.00,1377.60,1.401561,1.510897
1.460000,7300.00,1377.60,1.403067,1.505991
1.461000,7305.00,-5442.40,1.404568,1.501086
1.462000,7310.00,1377.60,1.406064,1.496181
1.463000,7315.00,1377.60,1.407580,1.515720
1.464000,7320.00,1377.60,1.409091,1.510815
1.465000,7325.00,1377.60,1.410597,1.505910
1.466000,7330.00,-5462.40,1.412098,1.501004
1.467000,7335.00,1377.60,1.413594,1.496099
1.468000,7340.00,1377.60,1.415109,1.515745
1.469000,7345.00,1377.60,1.416620,1.510840
1.470000,7350.00,1377.60,1.418126,1.505935
1.471000,7355.00,-5487.40,1.419627,1.501029
1.472000,7360.00,1377.60,1.421123,1.496124
1.473000,7365.00,1377.60,1.422639,1.515841
1.474000,7370.00,1377.60,1.424150,1.510936
1.475000,7375.00,1377.60,1.425656,1.506031
1.476000,7380.00,-5517.40,1.427157,1.501126
1.477000,7385.00,1377.60,1.428654,1.496220
1.478000,7390.00,1377.60,1.431681,1.511121
1.479000,7395.00,1377.60,1.433187,1.506216
1.480000,7400.00,1377.60,1.436185,1.496406
1.481000,7405.00,-5537.40,1.437701,1.516282
1.482000,7410.00,1377.60,1.439212,1.511377
1.483000,7415.00,1377.60,1.440719,1.506472
1.484000,7420.00,1377.60,1.443717,1.496662
1.485000,7425.00,-5562.40,1.445234,1.516592
1.486000,7430.00,1377.60,1.448252,1.506782
1.487000,7435.00,1377.60,1.449754,1.501877
1.488000,7440.00,1377.60,1.451251,1.496972
1.489000,7445.00,-5582.40,1.454280,1.512086
1.490000,7450.00,1377.60,1.455787,1.507181
1.491000,7455.00,1377.60,1.457289,1.502276
1.492000,7460.00,1377.60,1.458787,1.497371
1.493000,7465.00,1377.60,1.460304,1.517479
1.494000,7470.00,1377.60,1.461817,1.512574
1.495000,7475.00,1377.60,1.463325,1.507669
1.496000,7480.00,1377.60,1.464827,1.502763
1.497000,7485.00,1377.60,1.466325,1.497858
1.498000,7490.00,-5622.40,1.467843,1.518038
1.499000,7495.00,1377.60,1.469356,1.513133
1.500000,7500.00,1377.60,1.470865,1.508228
1.501000,7505.00,1377.60,1.473866,1.498417
1.502000,7510.00,1377.60,1.475385,1.518686
1.503000,7515.00,-5647.40,1.478408,1.508876
1.504000,7520.00,1377.60,1.479912,1.503970
1.505000,7525.00,1377.60,1.481411,1.499065
1.506000,7530.00,1377.60,1.482930,1.519441
1.507000,7535.00,-5667.40,1.484445,1.514536
1.508000,7540.00,1377.60,1.485954,1.509630
1.509000,7545.00,1377.60,1.488959,1.499820
1.510000,7550.00,1377.60,1.490479,1.520320
1.511000,7555.00,-5692.40,1.491995,1.515415
1.512000,7560.00,1377.60,1.493505,1.510510
1.513000,7565.00,1377.60,1.495011,1.505605
1.514000,7570.00,1377.60,1.496511,1.500700
1.515000,7575.00,-5722.40,1.498007,1.495795
1.516000,7580.00,1377.60,1.499524,1.516508
1.517000,7585.00,1377.60,1.501035,1.511603
1.518000,7590.00,1377.60,1.502542,1.506698
1.519000,7595.00,1377.60,1.504044,1.501793
1.520000,7600.00,-5757.40,1.505541,1.496888
1.521000,7605.00,1377.60,1.507058,1.517672
1.522000,7610.00,1377.60,1.508571,1.512767
1.523000,7615.00,1377.60,1.511582,1.502957
1.524000,7620.00,1377.60,1.513080,1.498052
1.525000,7625.00,1377.60,1.514599,1.518961
1.526000,7630.00,-5817.40,1.517622,1.509151
1.527000,7635.00,1377.60,1.519126,1.504246
1.528000,7640.00,1377.60,1.520626,1.499341
1.529000,7645.00,1377.60,1.522146,1.520286
1.530000,7650.00,1377.60,1.525172,1.510476
1.531000,7655.00,-5837.40,1.526677,1.505571
1.532000,7660.00,1377.60,1.528178,1.500666
1.533000,7665.00,1377.60,1.529674,1.495760
1.534000,7670.00,1377.60,1.531191,1.516759
1.535000,7675.00,1377.60,1.532702,1.511854
1.536000,7680.00,1377.60,1.534209,1.506949
1.537000,7685.00,1377.60,1.537209,1.497138
1.538000,7690.00,1377.60,1.538727,1.518226
1.539000,7695.00,1377.60,1.540240,1.513321
1.540000,7700.00,-5882.40,1.543252,1.503510
1.541000,7705.00,1377.60,1.546270,1.519764
1.542000,7710.00,1377.60,1.547785,1.514859
1.543000,7715.00,1377.60,1.549295,1.509954
1.544000,7720.00,1377.60,1.550800,1.505049
1.545000,7725.00,-5897.40,1.553796,1.495238
1.546000,7730.00,1377.60,1.555312,1.516468
1.547000,7735.00,1377.60,1.556824,1.511563
1.548000,7740.00,1377.60,1.558330,1.506658
1.549000,7745.00,1377.60,1.559832,1.501753
1.550000,7750.00,-5922.40,1.561329,1.496848
1.551000,7755.00,1377.60,1.562847,1.518202
1.552000,7760.00,1377.60,1.564360,1.513297
1.553000,7765.00,1377.60,1.565869,1.508392
1.554000,7770.00,1377.60,1.567372,1.503487
1.555000,7775.00,-5942.40,1.568871,1.498582
1.556000,7780.00,1377.60,1.570391,1.520008
1.557000,7785.00,1377.60,1.571906,1.515102
1.558000,7790.00,1377.60,1.573416,1.510197
1.559000,7795.00,1377.60,1.574922,1.505292
1.560000,7800.00,1377.60,1.576422,1.500387
1.561000,7805.00,-5962.40,1.579434,1.516979
1.562000,7810.00,1377.60,1.580946,1.512074
1.563000,7815.00,1377.60,1.582454,1.507169
1.564000,7820.00,1377.60,1.583956,1.502264
1.565000,7825.00,1377.60,1.585453,1.497358
1.566000,7830.00,-5997.40,1.586972,1.518927
1.567000,7835.00,1377.60,1.588486,1.514021
1.568000,7840.00,1377.60,1.591499,1.504211
1.569000,7845.00,1377.60,1.592999,1.499306
1.570000,7850.00,-6017.40,1.594520,1.520963
1.571000,7855.00,1377.60,1.596036,1.516058
1.572000,7860.00,1377.60,1.597547,1.511153
1.573000,7865.00,1377.60,1.599053,1.506248
1.574000,7870.00,1377.60,1.600555,1.501343
1.575000,7875.00,1377.60,1.602051,1.496438
1.576000,7880.00,-6037.40,1.603569,1.518184
1.577000,7885.00,1377.60,1.605082,1.513279
1.578000,7890.00,1377.60,1.606591,1.508374
1.579000,7895.00,1377.60,1.608094,1.503468
1.580000,7900.00,1377.60,1.609593,1.498563
1.581000,7905.00,-6057.40,1.612629,1.515476
1.582000,7910.00,1377.60,1.614139,1.510570
1.583000,7915.00,1377.60,1.615645,1.505665
1.584000,7920.00,1377.60,1.617146,1.500760
1.585000,7925.00,1377.60,1.618642,1.495855
1.586000,7930.00,-6082.40,1.620159,1.517761
1.587000,7935.00,1377.60,1.623180,1.507951
1.588000,7940.00,1377.60,1.624683,1.503046
1.589000,7945.00,1377.60,1.626181,1.498141
1.590000,7950.00,1377.60,1.627701,1.520119
1.591000,7955.00,1377.60,1.629217,1.515213
1.592000,7960.00,-6107.40,1.630727,1.510308
1.593000,7965.00,1377.60,1.632232,1.505403
1.594000,7970.00,1377.60,1.633733,1.500498
1.595000,7975.00,1377.60,1.635228,1.495593
1.596000,7980.00,1377.60,1.636746,1.517695
1.597000,7985.00,-6127.40,1.638259,1.512790
1.598000,7990.00,1377.60,1.641270,1.502980
1.599000,7995.00,1377.60,1.644288,1.520266
1.600000,8000.00,1377.60,1.645804,1.515361
1.601000,8005.00,1377.60,1.647314,1.510456
1.602000,8010.00,1377.60,1.648820,1.505551
1.603000,8015.00,-6152.40,1.650320,1.500646
1.604000,8020.00,1377.60,1.651816,1.495740
1.605000,8025.00,1377.60,1.653334,1.518021
1.606000,8030.00,1377.60,1.654847,1.513116
1.607000,8035.00,1377.60,1.656355,1.508210
1.608000,8040.00,-6172.40,1.657859,1.503305
1.609000,8045.00,1377.60,1.659357,1.498400
1.610000,8050.00,1377.60,1.660878,1.520769
1.611000,8055.00,-1377.60,1.662394,1.515864
1.612000,8060.00,1377.60,1.663905,1.510959
1.613000,8065.00,1377.60,1.665411,1.506054
1.614000,8070.00,-6207.40,1.668408,1.496244
1.615000,8075.00,1377.60,1.669927,1.518684
1.616000,8080.00,1377.60,1.671440,1.513779
1.617000,8085.00,1377.60,1.672949,1.508874
1.618000,8090.00,1377.60,1.674453,1.503969
1.619000,8095.00,-6232.40,1.675952,1.499064
1.620000,8100.00,1377.60,1.677474,1.521611
1.621000,8105.00,1377.60,1.678991,1.516706
1.622000,8110.00,1377.60,1.680502,1.511801
1.623000,8115.00,1377.60,1.682009,1.506896
1.624000,8120.00,1377.60,1.683511,1.501991
1.625000,8125.00,-6257.40,1.685008,1.497086
1.626000,8130.00,1377.60,1.686528,1.519722
1.627000,8135.00,1377.60,1.688043,1.514817
1.628000,8140.00,1377.60,1.689553,1.509912
1.629000,8145.00,1377.60,1.691058,1.505007
1.630000,8150.00,1377.60,1.692558,1.500102
1.631000,8155.00,1377.60,1.695571,1.517922
1.632000,8160.00,1377.60,1.697084,1.513017
1.633000,8165.00,1377.60,1.698592,1.508111
1.634000,8170.00,1377.60,1.700095,1.503206
1.635000,8175.00,1377.60,1.701594,1.498301
1.636000,8180.00,1377.60,1.703115,1.521133
1.637000,8185.00,1377.60,1.704631,1.516228
1.638000,8190.00,1377.60,1.706142,1.511323
1.639000,8195.00,1377.60,1.707649,1.506418
1.640000,8200.00,1377.60,1.709150,1.501513
1.641000,8205.00,-6357.40,1.710647,1.496608
1.642000,8210.00,1377.60,1.712167,1.519565
1.643000,8215.00,1377.60,1.713681,1.514659
1.644000,8220.00,1377.60,1.715191,1.509754
1.645000,8225.00,1377.60,1.719719,1.522954
1.646000,8230.00,1377.60,1.721237,1.518049
1.647000,8235.00,-6382.40,1.722750,1.513144
1.648000,8240.00,1377.60,1.724258,1.508239
1.649000,8245.00,1377.60,1.725761,1.503334
1.650000,8250.00,1377.60,1.727260,1.498429
1.651000,8255.00,1377.60,1.728781,1.521528
1.652000,8260.00,-6412.40,1.730298,1.516623
1.653000,8265.00,1377.60,1.731810,1.511718
1.654000,8270.00,1377.60,1.734819,1.501907
1.655000,8275.00,1377.60,1.737836,1.520226
1.656000,8280.00,1377.60,1.739351,1.515321
1.657000,8285.00,-6447.40,1.740861,1.510416
1.658000,8290.00,1377.60,1.742367,1.505511
1.659000,8295.00,1377.60,1.743868,1.500606
1.660000,8300.00,1377.60,1.746882,1.519049
1.661000,8305.00,-6462.40,1.748396,1.514144
1.662000,8310.00,1377.60,1.749906,1.509239
1.663000,8315.00,1377.60,1.751410,1.504334
1.664000,8320.00,1377.60,1.752909,1.499429
1.665000,8325.00,1377.60,1.754432,1.522848
1.666000,8330.00,1377.60,1.755950,1.517943
1.667000,8335.00,-6487.40,1.758971,1.508133
1.668000,8340.00,1377.60,1.760475,1.503228
1.669000,8345.00,1377.60,1.761973,1.498323
1.670000,8350.00,1377.60,1.763495,1.521867
1.671000,8355.00,1377.60,1.765012,1.516962
1.672000,8360.00,1377.60,1.766524,1.512057
1.673000,8365.00,-6522.40,1.768031,1.507152
1.674000,8370.00,1377.60,1.769533,1.502246
1.675000,8375.00,1377.60,1.771031,1.497341
1.676000,8380.00,1377.60,1.772552,1.520975
1.677000,8385.00,1377.60,1.774068,1.516069
1.678000,8390.00,1377.60,1.775579,1.511164
1.679000,8395.00,-6557.40,1.778586,1.501354
1.680000,8400.00,1377.60,1.780083,1.496449
1.681000,8405.00,1377.60,1.781603,1.520189
1.682000,8410.00,1377.60,1.784629,1.510379
1.683000,8415.00,1377.60,1.786134,1.505474
1.684000,8420.00,-6577.40,1.787635,1.500569
1.685000,8425.00,1377.60,1.789130,1.495664
1.686000,8430.00,1377.60,1.790650,1.519510
1.687000,8435.00,1377.60,1.792165,1.514605
1.688000,8440.00,1377.60,1.793674,1.509700
1.689000,8445.00,1377.60,1.795179,1.504795
1.690000,8450.00,-6612.40,1.796679,1.499890
1.691000,8455.00,1377.60,1.798203,1.523826
1.692000,8460.00,1377.60,1.799722,1.518921
1.693000,8465.00,1377.60,1.802745,1.509111
1.694000,8470.00,1377.60,1.804249,1.504205
1.695000,8475.00,1377.60,1.805748,1.499300
1.696000,8480.00,1377.60,1.807272,1.523307
1.697000,8485.00,1377.60,1.808790,1.518402
1.698000,8490.00,1377.60,1.811812,1.508592
1.699000,8495.00,-6667.40,1.813316,1.503687
1.700000,8500.00,1377.60,1.814815,1.498782
1.701000,8505.00,1377.60,1.816338,1.522914
1.702000,8510.00,1377.60,1.819369,1.513103
1.703000,8515.00,1377.60,1.820877,1.508198
1.704000,8520.00,-6697.40,1.823879,1.498388
1.705000,8525.00,1377.60,1.825401,1.522573
1.706000,8530.00,-6722.40,1.826919,1.517668
1.707000,8535.00,1377.60,1.828432,1.512763
1.708000,8540.00,1377.60,1.829939,1.507858
1.709000,8545.00,1377.60,1.831442,1.502953
1.710000,8550.00,-6742.40,1.832940,1.498048
1.711000,8555.00,1377.60,1.834463,1.522322
1.712000,8560.00,1377.60,1.835980,1.517417
1.713000,8565.00,1377.60,1.839000,1.507607
1.714000,8570.00,1377.60,1.840503,1.502701
1.715000,8575.00,-6777.40,1.843523,1.522213
1.716000,8580.00,1377.60,1.845040,1.517308
1.717000,8585.00,1377.60,1.846553,1.512403
1.718000,8590.00,1377.60,1.848060,1.507498
1.719000,8595.00,1377.60,1.849563,1.502593
1.720000,8600.00,1377.60,1.851060,1.497687
1.721000,8605.00,-6792.40,1.852583,1.522175
1.722000,8610.00,1377.60,1.854100,1.517270
1.723000,8615.00,1377.60,1.855612,1.512365
1.724000,8620.00,1377.60,1.857120,1.507460
1.725000,8625.00,1377.60,1.858622,1.502555
1.726000,8630.00,-6817.40,1.860120,1.497650
1.727000,8635.00,1377.60,1.863160,1.517375
1.728000,8640.00,1377.60,1.864672,1.512470
1.729000,8645.00,1377.60,1.866180,1.507565
1.730000,8650.00,1377.60,1.867682,1.502659
1.731000,8655.00,1377.60,1.870702,1.522438
1.732000,8660.00,-6857.40,1.872220,1.517533
1.733000,8665.00,1377.60,1.875240,1.507723
1.734000,8670.00,1377.60,1.876743,1.502818
1.735000,8675.00,1377.60,1.878241,1.497912
1.736000,8680.00,1377.60,1.879764,1.522703
1.737000,8685.00,-6877.40,1.881282,1.517798
1.738000,8690.00,1377.60,1.882794,1.512893
1.739000,8695.00,1377.60,1.884302,1.507988
1.740000,8700.00,1377.60,1.885806,1.503082
1.741000,8705.00,1377.60,1.887304,1.498177
1.742000,8710.00,1377.60,1.888827,1.523092
1.743000,8715.00,1377.60,1.890345,1.518187
1.744000,8720.00,1377.60,1.891858,1.513282
1.745000,8725.00,1377.60,1.893367,1.508377
1.746000,8730.00,-6932.40,1.894870,1.503472
1.747000,8735.00,1377.60,1.896369,1.498567
1.748000,8740.00,1377.60,1.897892,1.523571
1.749000,8745.00,1377.60,1.899411,1.518666
1.750000,8750.00,1377.60,1.900925,1.513761
1.751000,8755.00,1377.60,1.902434,1.508856
1.752000,8760.00,1377.60,1.903937,1.503951
1.753000,8765.00,1377.60,1.905437,1.499045
1.754000,8770.00,-6997.40,1.906961,1.524139
1.755000,8775.00,1377.60,1.908480,1.519233
1.756000,8780.00,1377.60,1.909994,1.514328
1.757000,8785.00,1377.60,1.911504,1.509423
1.758000,8790.00,1377.60,1.913008,1.504518
1.759000,8795.00,1377.60,1.914508,1.499613
1.760000,8800.00,-7022.40,1.916033,1.524795
1.761000,8805.00,1377.60,1.917552,1.519890
1.762000,8810.00,1377.60,1.919067,1.514985
1.763000,8815.00,1377.60,1.920578,1.510080
1.764000,8820.00,1377.60,1.922083,1.505175
1.765000,8825.00,-7047.40,1.923583,1.500270
1.766000,8830.00,1377.60,1.928115,1.515713
1.767000,8835.00,1377.60,1.931131,1.505902
1.768000,8840.00,1377.60,1.932632,1.500997
1.769000,8845.00,1377.60,1.934128,1.496092
1.770000,8850.00,-7072.40,1.935650,1.521381
1.771000,8855.00,1377.60,1.937166,1.516476
1.772000,8860.00,1377.60,1.938678,1.511571
1.773000,8865.00,1377.60,1.941686,1.501761
1.774000,8870.00,1377.60,1.944705,1.522269
1.775000,8875.00,1377.60,1.946223,1.517364
1.776000,8880.00,-7092.40,1.947735,1.512459
1.777000,8885.00,1377.60,1.950745,1.502649
1.778000,8890.00,1377.60,1.953766,1.523193
1.779000,8895.00,1377.60,1.955285,1.518288
1.780000,8900.00,1377.60,1.956798,1.513383
1.781000,8905.00,-7102.40,1.958307,1.508478
1.782000,8910.00,1377.60,1.959810,1.503572
1.783000,8915.00,1377.60,1.961309,1.498667
1.784000,8920.00,1377.60,1.962833,1.524241
1.785000,8925.00,1377.60,1.964352,1.519336
1.786000,8930.00,1377.60,1.965867,1.514431
1.787000,8935.00,-7137.40,1.967376,1.509526
1.788000,8940.00,1377.60,1.968881,1.504621
1.789000,8945.00,1377.60,1.970381,1.499716
1.790000,8950.00,1377.60,1.971906,1.525378
1.791000,8955.00,1377.60,1.973427,1.520473
1.792000,8960.00,1377.60,1.974942,1.515568
1.793000,8965.00,-7147.40,1.977959,1.505758
1.794000,8970.00,1377.60,1.979459,1.500853
1.795000,8975.00,1377.60,1.980955,1.495948
1.796000,8980.00,1377.60,1.982477,1.521717
1.797000,8985.00,1377.60,1.983994,1.516812
1.798000,8990.00,1377.60,1.985506,1.511907
1.799000,8995.00,-7182.40,1.987013,1.507002
1.800000,9000.00,1377.60,1.988515,1.502097
1.801000,9005.00,1377.60,1.990012,1.497192
1.802000,9010.00,1377.60,1.991535,1.523086
1.803000,9015.00,1377.60,1.993053,1.518181
1.804000,9020.00,1377.60,1.994567,1.513276
1.805000,9025.00,-7207.40,1.996075,1.508371
1.806000,9030.00,1377.60,1.997578,1.503466
1.807000,9035.00,1377.60,2.000602,1.524526
1.808000,9040.00,1377.60,2.002121,1.519621
1.809000,9045.00,1377.60,2.003636,1.514716
1.810000,9050.00,1377.60,2.005146,1.509811
1.811000,9055.00,-7237.40,2.006651,1.504905
1.812000,9060.00,1377.60,2.008151,1.500000
1.813000,9065.00,1377.60,2.009646,1.495095
1.814000,9070.00,1377.60,2.011167,1.521132
1.815000,9075.00,1377.60,2.012683,1.516227
1.816000,9080.00,1377.60,2.014194,1.511322
1.817000,9085.00,-7272.40,2.015701,1.506417
1.818000,9090.00,1377.60,2.017202,1.501512
1.819000,9095.00,1377.60,2.020222,1.522750
1.820000,9100.00,1377.60,2.021739,1.517845
1.821000,9105.00,1377.60,2.024760,1.508035
1.822000,9110.00,1377.60,2.026264,1.503129
1.823000,9115.00,-7292.40,2.027762,1.498224
1.824000,9120.00,1377.60,2.030806,1.519534
1.825000,9125.00,1377.60,2.032320,1.514629
1.826000,9130.00,1377.60,2.033830,1.509724
1.827000,9135.00,1377.60,2.035335,1.504819
1.828000,9140.00,1377.60,2.036835,1.499914
1.829000,9145.00,1377.60,2.039882,1.521294
1.830000,9150.00,-7312.40,2.041399,1.516389
1.831000,9155.00,1377.60,2.042910,1.511484
1.832000,9160.00,1377.60,2.044417,1.506579
1.833000,9165.00,1377.60,2.045918,1.501674
1.834000,9170.00,1377.60,2.047415,1.496769
1.835000,9175.00,1377.60,2.048938,1.523197
1.836000,9180.00,-7342.40,2.050457,1.518292
1.837000,9185.00,1377.60,2.051970,1.513387
1.838000,9190.00,1377.60,2.053479,1.508482
1.839000,9195.00,1377.60,2.054982,1.503577
1.840000,9200.00,1377.60,2.056481,1.498672
1.841000,9205.00,1377.60,2.058006,1.525189
1.842000,9210.00,-7362.40,2.059526,1.520284
1.843000,9215.00,1377.60,2.061042,1.515379
1.844000,9220.00,1377.60,2.062552,1.510474
1.845000,9225.00,1377.60,2.064058,1.505568
1.846000,9230.00,1377.60,2.065558,1.500663
1.847000,9235.00,1377.60,2.067054,1.495758
1.848000,9240.00,-7382.40,2.068577,1.522400
1.849000,9245.00,1377.60,2.070094,1.517495
1.850000,9250.00,1377.60,2.071607,1.512590
1.851000,9255.00,1377.60,2.073114,1.507685
1.852000,9260.00,1377.60,2.074617,1.502780
1.853000,9265.00,1377.60,2.077640,1.524606
1.854000,9270.00,1377.60,2.079159,1.519701
1.855000,9275.00,-7422.40,2.080674,1.514795
1.856000,9280.00,1377.60,2.082184,1.509890
1.857000,9285.00,1377.60,2.083689,1.504985
1.858000,9290.00,1377.60,2.085189,1.500080
1.859000,9295.00,1377.60,2.086684,1.495175
1.860000,9300.00,1377.60,2.088206,1.522084
1.861000,9305.00,-7447.40,2.089723,1.517179
1.862000,9310.00,1377.60,2.091236,1.512274
1.863000,9315.00,1377.60,2.092743,1.507369
1.864000,9320.00,1377.60,2.094246,1.502464
1.865000,9325.00,1377.60,2.095743,1.497559
1.866000,9330.00,1377.60,2.097268,1.524574
1.867000,9335.00,1377.60,2.098787,1.519669
1.868000,9340.00,-7482.40,2.100302,1.514764
1.869000,9345.00,1377.60,2.101812,1.509859
1.870000,9350.00,1377.60,2.103317,1.504954
1.871000,9355.00,1377.60,2.106312,1.495144
1.872000,9360.00,1377.60,2.107834,1.522320
1.873000,9365.00,1377.60,2.109352,1.517415
1.874000,9370.00,-7507.40,2.110864,1.512510
1.875000,9375.00,1377.60,2.112372,1.507604
1.876000,9380.00,1377.60,2.113875,1.502699
1.877000,9385.00,1377.60,2.115372,1.497794
1.878000,9390.00,1377.60,2.116898,1.525042
1.879000,9395.00,1377.60,2.118418,1.520136
1.880000,9400.00,1377.60,2.119933,1.515231
1.881000,9405.00,-7557.40,2.121443,1.510326
1.882000,9410.00,1377.60,2.122949,1.505421
1.883000,9415.00,1377.60,2.125945,1.495611
1.884000,9420.00,1377.60,2.127468,1.522965
1.885000,9425.00,1377.60,2.130499,1.513155
1.886000,9430.00,-7587.40,2.132007,1.508250
1.887000,9435.00,1377.60,2.133511,1.503345
1.888000,9440.00,1377.60,2.135009,1.498439
1.889000,9445.00,1377.60,2.138056,1.520995
1.890000,9450.00,1377.60,2.139572,1.516090
1.891000,9455.00,1377.60,2.141083,1.511185
1.892000,9460.00,1377.60,2.144091,1.501375
1.893000,9465.00,-7632.40,2.145587,1.496470
1.894000,9470.00,1377.60,2.147111,1.524126
1.895000,9475.00,1377.60,2.148631,1.519221
1.896000,9480.00,1377.60,2.151654,1.509411
1.897000,9485.00,1377.60,2.153159,1.504506
1.898000,9490.00,1377.60,2.154658,1.499601
1.899000,9495.00,-7652.40,2.156186,1.527418
1.900000,9500.00,1377.60,2.157708,1.522513
1.901000,9505.00,1377.60,2.159226,1.517608
1.902000,9510.00,1377.60,2.160739,1.512703
1.903000,9515.00,1377.60,2.163749,1.502892
1.904000,9520.00,1377.60,2.165247,1.497987
1.905000,9525.00,1377.60,2.166773,1.525929
1.906000,9530.00,-7682.40,2.168294,1.521024
1.907000,9535.00,1377.60,2.169810,1.516119
1.908000,9540.00,1377.60,2.171322,1.511213
1.909000,9545.00,1377.60,2.172828,1.506308
1.910000,9550.00,1377.60,2.174329,1.501403
1.911000,9555.00,1377.60,2.175826,1.496498
1.912000,9560.00,-7712.40,2.177350,1.524547
1.913000,9565.00,1377.60,2.178870,1.519641
1.914000,9570.00,1377.60,2.180385,1.514736
1.915000,9575.00,1377.60,2.181895,1.509831
1.916000,9580.00,1377.60,2.183400,1.504926
1.917000,9585.00,1377.60,2.184900,1.500021
1.918000,9590.00,1377.60,2.186395,1.495116
1.919000,9595.00,-7767.40,2.187918,1.523253
1.920000,9600.00,1377.60,2.189436,1.518348
1.921000,9605.00,1377.60,2.190950,1.513443
1.922000,9610.00,1377.60,2.192458,1.508538
1.923000,9615.00,1377.60,2.195461,1.498728
1.924000,9620.00,-7812.40,2.196988,1.527008
1.925000,9625.00,1377.60,2.198510,1.522103
1.926000,9630.00,1377.60,2.200027,1.517197
1.927000,9635.00,1377.60,2.201539,1.512292
1.928000,9640.00,1377.60,2.203047,1.507387
1.929000,9645.00,1377.60,2.204549,1.502482
1.930000,9650.00,1377.60,2.206047,1.497577
1.931000,9655.00,-7847.40,2.207573,1.525964
1.932000,9660.00,1377.60,2.209094,1.521059
1.933000,9665.00,1377.60,2.210610,1.516153
1.934000,9670.00,1377.60,2.212121,1.511248
1.935000,9675.00,1377.60,2.213627,1.506343
1.936000,9680.00,1377.60,2.215129,1.501438
1.937000,9685.00,1377.60,2.216625,1.496533
1.938000,9690.00,-7877.40,2.218151,1.525080
1.939000,9695.00,1377.60,2.219671,1.520175
1.940000,9700.00,1377.60,2.221186,1.515270
1.941000,9705.00,1377.60,2.222696,1.510365
1.942000,9710.00,1377.60,2.224202,1.505460
1.943000,9715.00,1377.60,2.225702,1.500554
1.944000,9720.00,1377.60,2.227198,1.495649
1.945000,9725.00,-7902.40,2.228722,1.524392
1.946000,9730.00,1377.60,2.230242,1.519487
1.947000,9735.00,1377.60,2.231756,1.514582
1.948000,9740.00,1377.60,2.233266,1.509677
1.949000,9745.00,1377.60,2.234771,1.504772
1.950000,9750.00,1377.60,2.236271,1.499867
1.951000,9755.00,-7942.40,2.237799,1.528698
1.952000,9760.00,1377.60,2.239323,1.523793
1.953000,9765.00,1377.60,2.240842,1.518888
1.954000,9770.00,1377.60,2.243865,1.509078
1.955000,9775.00,1377.60,2.245369,1.504173
1.956000,9780.00,1377.60,2.246869,1.499268
1.957000,9785.00,1377.60,2.248397,1.528260
1.958000,9790.00,1377.60,2.252952,1.513544
1.959000,9795.00,1377.60,2.254461,1.508639
1.960000,9800.00,1377.60,2.255965,1.503734
1.961000,9805.00,1377.60,2.257463,1.498829
1.962000,9810.00,1377.60,2.258991,1.527981
1.963000,9815.00,1377.60,2.260515,1.523076
1.964000,9820.00,-8017.40,2.262033,1.518171
1.965000,9825.00,1377.60,2.263546,1.513266
1.966000,9830.00,1377.60,2.265054,1.508361
1.967000,9835.00,1377.60,2.266558,1.503456
1.968000,9840.00,1377.60,2.268056,1.498551
1.969000,9845.00,1377.60,2.269584,1.527845
1.970000,9850.00,1377.60,2.271107,1.522940
1.971000,9855.00,-8072.40,2.272625,1.518035
1.972000,9860.00,1377.60,2.274138,1.513130
1.973000,9865.00,1377.60,2.275646,1.508225
1.974000,9870.00,1377.60,2.277150,1.503320
1.975000,9875.00,1377.60,2.278648,1.498414
1.976000,9880.00,1377.60,2.280176,1.527816
1.977000,9885.00,-8097.40,2.281699,1.522911
1.978000,9890.00,1377.60,2.283217,1.518006
1.979000,9895.00,1377.60,2.284730,1.513101
1.980000,9900.00,1377.60,2.286238,1.508196
1.981000,9905.00,1377.60,2.287742,1.503290
1.982000,9910.00,1377.60,2.289240,1.498385
1.983000,9915.00,1377.60,2.290768,1.527911
1.984000,9920.00,-8142.40,2.292291,1.523006
1.985000,9925.00,1377.60,2.293809,1.518101
1.986000,9930.00,1377.60,2.295322,1.513196
1.987000,9935.00,1377.60,2.296830,1.508291
1.988000,9940.00,1377.60,2.299832,1.498481
1.989000,9945.00,1377.60,2.302884,1.523209
1.990000,9950.00,-8187.40,2.304402,1.518303
1.991000,9955.00,1377.60,2.305915,1.513398
1.992000,9960.00,1377.60,2.307424,1.508493
1.993000,9965.00,1377.60,2.308927,1.503588
1.994000,9970.00,1377.60,2.310426,1.498683
1.995000,9975.00,1377.60,2.311955,1.528494
1.996000,9980.00,1377.60,2.313478,1.523589
1.997000,9985.00,-8227.40,2.314997,1.518684
1.998000,9990.00,1377.60,2.316511,1.513779
1.999000,9995.00,1377.60,2.318020,1.508873
2.000000,10000.00,1377.60,2.321023,1.499063
