applied force,friction force (static),"friction force (static, kinetic)"
0,0,0
5,-4.9461332,-4.9461332
10,-9.9466549,-9.9466549
15,-14.947179,-14.947179
20,-19.947667,-19.947667
25,-24.948126,-24.948126
30,-29.94859,-29.94859
35,-34.949112,-34.949112
40,-39.949591,-39.949591
45,-44.95005,-44.95005
50,-49.950495,-49.950495
55,-54.950929,-54.950929
60,-59.951354,-59.951354
65,-64.951771,-64.951771
70,-69.952178,-69.952178
75,-74.952578,-74.952578
80,-79.95297,-79.95297
85,-84.953353,-84.953353
90,-89.95373,-89.95373
95,-94.954098,-94.954098
100,-99.95446,-99.95446
105,-104.95481,-104.95481
110,-109.95516,-109.95516
115,-114.9555,-114.9555
120,-119.95584,-119.95584
125,-124.95617,-124.95617
130,-129.95649,-129.95649
135,-134.9568,-134.9568
140,-139.95711,-139.95711
145,-144.95742,-144.95742
150,-149.95771,-149.95771
155,-154.95801,-154.95801
160,-159.95829,-159.95829
165,-164.95857,-164.95857
170,-169.95885,-169.95885
175,-174.95912,-174.95912
180,-179.95939,-179.95939
185,-184.95965,-184.95965
190,-189.9599,-189.9599
195,-194.96016,-194.96016
200,-199.9604,-199.9604
205,-204.96064,-204.96064
210,-209.96088,-209.96088
215,-214.96112,-214.96112
220,-219.96135,-219.96135
225,-224.96157,-224.96157
230,-229.96179,-229.96179
235,-234.96201,-234.96201
240,-239.96222,-239.96222
245,-244.96243,-244.96243
250,-249.96263,-249.96263
255,-254.96283,-254.96283
260,-259.96303,-259.96303
265,-264.96322,-264.96322
270,-269.96341,-269.96341
275,-274.9636,-274.9636
280,-279.96378,-279.96378
285,-284.96396,-284.96396
290,-289.96414,-289.96414
295,-294.96431,-294.96431
300,-299.96448,-299.96448
305,-304.96464,-304.96464
310,-309.96481,-309.96481
315,-314.96497,-314.96497
320,-319.96512,-319.96512
325,-324.96527,-324.96527
330,-329.96542,-329.96542
335,-334.96557,-334.96557
340,-339.96571,-339.96571
345,-344.96586,-344.96586
350,-349.96599,-349.96599
355,-354.96613,-354.96613
360,-359.96626,-359.96626
365,-364.96639,-364.96639
370,-369.96651,-369.96651
375,-374.96664,-374.96664
380,-379.96676,-379.96676
385,-384.96688,-384.96688
390,-389.96699,-389.96699
395,-394.9671,-394.9671
400,-399.96721,-399.96721
405,-404.96732,-404.96732
410,-409.96742,-409.96742
415,-414.96752,-414.96752
420,-419.96762,-419.96762
425,-424.96772,-424.96772
430,-429.96781,-429.96781
435,-434.9679,-434.9679
440,-439.96799,-439.96799
445,-444.96808,-444.96808
450,-449.96816,-449.96816
455,-454.96824,-454.96824
460,-459.96832,-459.96832
465,-464.96839,-464.96839
470,-469.96846,-469.96846
475,-474.96853,-474.96853
480,-479.9686,-479.9686
485,-484.96866,-484.96866
490,-489.96873,-489.96873
495,-494.96879,-494.96879
500,-499.96884,-499.96884
505,-504.9689,-504.9689
510,-509.96895,-509.96895
515,-514.969,-514.969
520,-519.96904,-519.96904
525,-524.96909,-524.96909
530,-529.96913,-529.96913
535,-534.96917,-534.96917
540,-539.9692,-539.9692
545,-544.96924,-544.96924
550,-549.96927,-549.96927
555,-554.96929,-554.96929
560,-559.96932,-559.96932
565,-564.96934,-564.96934
570,-569.96936,-569.96936
575,-574.96938,-574.96938
580,-579.96939,-579.96939
585,-584.9694,-584.9694
590,-589.96941,-589.96941
595,-594.96941,-594.96941
600,-599.96942,-599.96942
605,-604.96942,-604.96942
610,-609.96941,-609.96941
615,-614.96941,-614.96941
620,-619.9694,-619.9694
625,-624.96938,-624.96938
630,-629.96937,-629.96937
635,-634.96935,-634.96935
640,-639.96933,-639.96933
645,-644.9693,-644.9693
650,-649.96927,-649.96927
655,-654.96924,-654.96924
660,-659.96921,-659.96921
665,-664.96917,-664.96917
670,-669.96913,-669.96913
675,-674.96908,-674.96908
680,-679.96903,-679.96903
685,-684.96898,-684.96898
690,-689.96892,-689.96892
695,-694.96886,-694.96886
700,-699.9688,-699.9688
705,-704.96873,-704.96873
710,-709.96866,-709.96866
715,-714.96858,-714.96858
720,-719.9685,-719.9685
725,-724.96842,-724.96842
730,-729.96833,-729.96833
735,-734.96824,-734.96824
740,-739.96814,-739.96814
745,-744.96804,-744.96804
750,-749.96794,-749.96794
755,-754.96782,-754.96782
760,-759.96771,-759.96771
765,-764.96759,-764.96759
770,-769.96746,-769.96746
775,-774.96733,-774.96733
780,-779.9672,-779.9672
785,-784.96706,-784.96706
790,-789.96691,-789.96691
795,-794.96676,-794.96676
800,-799.9666,-799.9666
805,-804.96644,-804.96644
810,-809.96627,-809.96627
815,-814.9661,-814.9661
820,-819.96591,-819.96591
825,-824.96573,-824.96573
830,-829.96553,-829.96553
835,-834.96533,-834.96533
840,-839.96512,-839.96512
845,-844.96491,-844.96491
850,-849.96468,-849.96468
855,-854.96445,-854.96445
860,-859.96421,-859.96421
865,-864.96397,-864.96397
870,-869.96371,-869.96371
875,-874.96345,-874.96345
880,-879.96318,-879.96318
885,-884.9629,-884.9629
890,-889.96261,-889.96261
895,-894.96231,-894.96231
900,-899.962,-899.962
905,-904.96168,-904.96168
910,-909.96135,-909.96135
915,-914.96101,-914.96101
920,-919.96066,-919.96066
925,-924.9603,-924.9603
930,-929.95993,-929.95993
935,-934.95954,-934.95954
940,-939.95914,-939.95914
945,-944.95873,-944.95873
950,-949.9583,-949.9583
955,-954.95786,-954.95786
960,-959.95741,-959.95741
965,-964.95694,-964.95694
970,-969.95645,-969.95645
975,-974.95595,-974.95595
980,-979.95544,-979.95544
985,-984.9549,-984.9549
990,-989.95435,-989.95435
995,-994.95377,-994.95377
1000,-999.95318,-999.95318
1005,-1004.9526,-1004.9526
1010,-1009.9519,-1009.9519
1015,-1014.9513,-1014.9513
1020,-1019.9506,-1019.9506
1025,-1024.9499,-1024.9499
1030,-1029.9492,-1029.9492
1035,-1034.9484,-1034.9484
1040,-1039.9476,-1039.9476
1045,-1044.9468,-1044.9468
1050,-1049.946,-1049.946
1055,-1054.9451,-1054.9451
1060,-1059.9442,-1059.9442
1065,-1064.9433,-1064.9433
1070,-1069.9423,-1069.9423
1075,-1074.9413,-1074.9413
1080,-1079.9403,-1079.9403
1085,-1084.9392,-1084.9392
1090,-1089.938,-1089.938
1095,-1094.9369,-1094.9369
1100,-1099.9356,-1099.9356
1105,-1104.9344,-1104.9344
1110,-1109.933,-1109.933
1115,-1114.9316,-1114.9316
1120,-1119.9302,-1119.9302
1125,-1124.9287,-1124.9287
1130,-1129.9271,-1129.9271
1135,-1134.9255,-1134.9255
1140,-1139.9237,-1139.9237
1145,-1144.9219,-1144.9219
1150,-1149.9201,-1149.9201
1155,-1154.9181,-1154.9181
1160,-1159.916,-1159.916
1165,-1164.9138,-1164.9138
1170,-1169.9115,-1169.9115
1175,-1174.9091,-1174.9091
1180,-1179.9066,-1179.9066
1185,-1184.9039,-1184.9039
1190,-1189.9011,-1189.9011
1195,-1194.8982,-1194.8982
1200,-1199.895,-1199.895
1205,-1204.8917,-1204.8917
1210,-1209.8882,-1209.8882
1215,-1214.8844,-1214.8844
1220,-1219.8805,-1219.8805
1225,-1224.8762,-1224.8762
1230,-1229.8717,-1229.8717
1235,-1234.8669,-1234.8669
1240,-1239.8618,-1239.8618
1245,-1244.8563,-1244.8563
1250,-1249.8503,-1249.8503
1255,-1254.8439,-1254.8439
1260,-1259.837,-1259.837
1265,-1264.8295,-1264.8295
1270,-1269.8214,-1269.8214
1275,-1274.8126,-1274.8126
1280,-1279.8029,-1279.8029
1285,-1284.7923,-1284.7923
1290,-1289.7806,-1289.7806
1295,-1294.7676,-1294.7676
1300,-1299.7532,-1299.7532
1305,-1304.7371,-1304.7371
1310,-1309.7189,-1309.7189
1315,-1314.6983,-1314.6983
1320,-1319.6746,-1319.6746
1325,-1324.6473,-1324.6473
1330,-1329.6153,-1329.6153
1335,-1334.5774,-1334.5774
1340,-1339.5317,-1339.5317
1345,-1344.4755,-1344.4755
1350,-1349.4044,-1349.4044
1355,-1354.3114,-1354.3114
1360,-1359.1843,-1359.1843
1365,-1363.9984,-1363.9984
1370,-1368.6982,-1368.6982
1375,-1373.1213,-1373.1213
1380,-1376.5649,-1376.5649
1385,-1377.0995,-1377.0929
1390,-1377.0995,-1342.9675
1395,-1377.0995,-1370.0568
1400,-1377.0995,-1377.0107
1405,-1377.0995,-826.2597
1410,-1377.0995,-826.2597
1415,-1377.0995,-826.2597
1420,-1377.0995,-826.2597
1425,-1377.0995,-826.2597
1430,-1377.0995,-826.2597
1435,-1377.0995,-826.2597
1440,-1377.0995,-826.2597
1445,-1377.0995,-826.2597
1450,-1377.0995,-826.2597
1455,-1377.0995,-826.2597
1460,-1377.0995,-826.2597
1465,-1377.0995,-826.2597
1470,-1377.0995,-826.2597
1475,-1377.0995,-826.2597
1480,-1377.0995,-826.2597
1485,-1377.0995,-826.2597
1490,-1377.0995,-826.2597
1495,-1377.0995,-826.2597
1500,-1377.0995,-826.2597
1505,-1377.0995,-826.2597
1510,-1377.0995,-826.2597
1515,-1377.0995,-826.2597
1520,-1377.0995,-826.2597
1525,-1377.0995,-826.2597
1530,-1377.0995,-826.2597
1535,-1377.0995,-826.2597
1540,-1377.0995,-826.2597
1545,-1377.0995,-826.2597
1550,-1377.0995,-826.2597
1555,-1377.0995,-826.2597
1560,-1377.0995,-826.2597
1565,-1377.0995,-826.2597
1570,-1377.0995,-826.2597
1575,-1377.0995,-826.2597
1580,-1377.0995,-826.2597
1585,-1377.0995,-826.2597
1590,-1377.0995,-826.2597
1595,-1377.0995,-826.2597
1600,-1377.0995,-826.2597
1605,-1377.0995,-826.2597
1610,-1377.0995,-826.2597
1615,-1377.0995,-826.2597
1620,-1377.0995,-826.2597
1625,-1377.0995,-826.2597
1630,-1377.0995,-826.2597
1635,-1377.0995,-826.2597
1640,-1377.0995,-826.2597
1645,-1377.0995,-826.2597
1650,-1377.0995,-826.2597
1655,-1377.0995,-826.2597
1660,-1377.0995,-826.2597
1665,-1377.0995,-826.2597
1670,-1377.0995,-826.2597
1675,-1377.0995,-826.2597
1680,-1377.0995,-826.2597
1685,-1377.0995,-826.2597
1690,-1377.0995,-826.2597
1695,-1377.0995,-826.2597
1700,-1377.0995,-826.2597
1705,-1377.0995,-826.2597
1710,-1377.0995,-826.2597
1715,-1377.0995,-826.2597
1720,-1377.0995,-826.2597
1725,-1377.0995,-826.2597
1730,-1377.0995,-826.2597
1735,-1377.0995,-826.2597
1740,-1377.0995,-826.2597
1745,-1377.0995,-826.2597
1750,-1377.0995,-826.2597
1755,-1377.0995,-826.2597
1760,-1377.0995,-826.2597
1765,-1377.0995,-826.2597
1770,-1377.0995,-826.2597
1775,-1377.0995,-826.2597
1780,-1377.0995,-826.2597
1785,-1377.0995,-826.2597
1790,-1377.0995,-826.2597
1795,-1377.0995,-826.2597
1800,-1377.0995,-826.2597
1805,-1377.0995,-826.2597
1810,-1377.0995,-826.2597
1815,-1377.0995,-826.2597
1820,-1377.0995,-826.2597
1825,-1377.0995,-826.2597
1830,-1377.0995,-826.2597
1835,-1377.0995,-826.2597
1840,-1377.0995,-826.2597
1845,-1377.0995,-826.2597
1850,-1377.0995,-826.2597
1855,-1377.0995,-826.2597
1860,-1377.0995,-826.2597
1865,-1377.0995,-826.2597
1870,-1377.0995,-826.2597
1875,-1377.0995,-826.2597
1880,-1377.0995,-826.2597
1885,-1377.0995,-826.2597
1890,-1377.0995,-826.2597
1895,-1377.0995,-826.2597
1900,-1377.0995,-826.2597
1905,-1377.0995,-826.2597
1910,-1377.0995,-826.2597
1915,-1377.0995,-826.2597
1920,-1377.0995,-826.2597
1925,-1377.0995,-826.2597
1930,-1377.0995,-826.2597
1935,-1377.0995,-826.2597
1940,-1377.0995,-826.2597
1945,-1377.0995,-826.2597
1950,-1377.0995,-826.2597
1955,-1377.0995,-826.2597
1960,-1377.0995,-826.2597
1965,-1377.0995,-826.2597
1970,-1377.0995,-826.2597
1975,-1377.0995,-826.2597
1980,-1377.0995,-826.2597
1985,-1377.0995,-826.2597
1990,-1377.0995,-826.2597
1995,-1377.0995,-826.2597
2000,-1377.0995,-826.2597
2005,-1377.0995,-826.2597
2010,-1377.0995,-826.2597
2015,-1377.0995,-826.2597
2020,-1377.0995,-826.2597
2025,-1377.0995,-826.2597
2030,-1377.0995,-826.2597
2035,-1377.0995,-826.2597
2040,-1377.0995,-826.2597
2045,-1377.0995,-826.2597
2050,-1377.0995,-826.2597
2055,-1377.0995,-826.2597
2060,-1377.0995,-826.2597
2065,-1377.0995,-826.2597
2070,-1377.0995,-826.2597
2075,-1377.0995,-826.2597
2080,-1377.0995,-826.2597
2085,-1377.0995,-826.2597
2090,-1377.0995,-826.2597
2095,-1377.0995,-826.2597
2100,-1377.0995,-826.2597
2105,-1377.0995,-826.2597
2110,-1377.0995,-826.2597
2115,-1377.0995,-826.2597
2120,-1377.0995,-826.2597
2125,-1377.0995,-826.2597
2130,-1377.0995,-826.2597
2135,-1377.0995,-826.2597
2140,-1377.0995,-826.2597
2145,-1377.0995,-826.2597
2150,-1377.0995,-826.2597
2155,-1377.0995,-826.2597
2160,-1377.0995,-826.2597
2165,-1377.0995,-826.2597
2170,-1377.0995,-826.2597
2175,-1377.0995,-826.2597
2180,-1377.0995,-826.2597
2185,-1377.0995,-826.2597
2190,-1377.0995,-826.2597
2195,-1377.0995,-826.2597
2200,-1377.0995,-826.2597
2205,-1377.0995,-826.2597
2210,-1377.0995,-826.2597
2215,-1377.0995,-826.2597
2220,-1377.0995,-826.2597
2225,-1377.0995,-826.2597
2230,-1377.0995,-826.2597
2235,-1377.0995,-826.2597
2240,-1377.0995,-826.2597
2245,-1377.0995,-826.2597
2250,-1377.0995,-826.2597
2255,-1377.0995,-826.2597
2260,-1377.0995,-826.2597
2265,-1377.0995,-826.2597
2270,-1377.0995,-826.2597
2275,-1377.0995,-826.2597
2280,-1377.0995,-826.2597
2285,-1377.0995,-826.2597
2290,-1377.0995,-826.2597
2295,-1377.0995,-826.2597
2300,-1377.0995,-826.2597
2305,-1377.0995,-826.2597
2310,-1377.0995,-826.2597
2315,-1377.0995,-826.2597
2320,-1377.0995,-826.2597
2325,-1377.0995,-826.2597
2330,-1377.0995,-826.2597
2335,-1377.0995,-826.2597
2340,-1377.0995,-826.2597
2345,-1377.0995,-826.2597
2350,-1377.0995,-826.2597
2355,-1377.0995,-826.2597
2360,-1377.0995,-826.2597
2365,-1377.0995,-826.2597
2370,-1377.0995,-826.2597
2375,-1377.0995,-826.2597
2380,-1377.0995,-826.2597
2385,-1377.0995,-826.2597
2390,-1377.0995,-826.2597
2395,-1377.0995,-826.2597
2400,-1377.0995,-826.2597
2405,-1377.0995,-826.2597
2410,-1377.0995,-826.2597
2415,-1377.0995,-826.2597
2420,-1377.0995,-826.2597
2425,-1377.0995,-826.2597
2430,-1377.0995,-826.2597
2435,-1377.0995,-826.2597
2440,-1377.0995,-826.2597
2445,-1377.0995,-826.2597
2450,-1377.0995,-826.2597
2455,-1377.0995,-826.2597
2460,-1377.0995,-826.2597
2465,-1377.0995,-826.2597
2470,-1377.0995,-826.2597
2475,-1377.0995,-826.2597
2480,-1377.0995,-826.2597
2485,-1377.0995,-826.2597
2490,-1377.0995,-826.2597
2495,-1377.0995,-826.2597
2500,-1377.0995,-826.2597
2505,-1377.0995,-826.2597
2510,-1377.0995,-826.2597
2515,-1377.0995,-826.2597
2520,-1377.0995,-826.2597
2525,-1377.0995,-826.2597
2530,-1377.0995,-826.2597
2535,-1377.0995,-826.2597
2540,-1377.0995,-826.2597
2545,-1377.0995,-826.2597
2550,-1377.0995,-826.2597
2555,-1377.0995,-826.2597
2560,-1377.0995,-826.2597
2565,-1377.0995,-826.2597
2570,-1377.0995,-826.2597
2575,-1377.0995,-826.2597
2580,-1377.0995,-826.2597
2585,-1377.0995,-826.2597
2590,-1377.0995,-826.2597
2595,-1377.0995,-826.2597
2600,-1377.0995,-826.2597
2605,-1377.0995,-826.2597
2610,-1377.0995,-826.2597
2615,-1377.0995,-826.2597
2620,-1377.0995,-826.2597
2625,-1377.0995,-826.2597
2630,-1377.0995,-826.2597
2635,-1377.0995,-826.2597
2640,-1377.0995,-826.2597
2645,-1377.0995,-826.2597
2650,-1377.0995,-826.2597
2655,-1377.0995,-826.2597
2660,-1377.0995,-826.2597
2665,-1377.0995,-826.2597
2670,-1377.0995,-826.2597
2675,-1377.0995,-826.2597
2680,-1377.0995,-826.2597
2685,-1377.0995,-826.2597
2690,-1377.0995,-826.2597
2695,-1377.0995,-826.2597
2700,-1377.0995,-826.2597
2705,-1377.0995,-826.2597
2710,-1377.0995,-826.2597
2715,-1377.0995,-826.2597
2720,-1377.0995,-826.2597
2725,-1377.0995,-826.2597
2730,-1377.0995,-826.2597
2735,-1377.0995,-826.2597
2740,-1377.0995,-826.2597
2745,-1377.0995,-826.2597
2750,-1377.0995,-826.2597
2755,-1377.0995,-826.2597
2760,-1377.0995,-826.2597
2765,-1377.0995,-826.2597
2770,-1377.0995,-826.2597
2775,-1377.0995,-826.2597
2780,-1377.0995,-826.2597
2785,-1377.0995,-826.2597
2790,-1377.0995,-826.2597
2795,-1377.0995,-826.2597
2800,-1377.0995,-826.2597
2805,-1377.0995,-826.2597
2810,-1377.0995,-826.2597
2815,-1377.0995,-826.2597
2820,-1377.0995,-826.2597
2825,-1377.0995,-826.2597
2830,-1377.0995,-826.2597
2835,-1377.0995,-826.2597
2840,-1377.0995,-826.2597
2845,-1377.0995,-826.2597
2850,-1377.0995,-826.2597
2855,-1377.0995,-826.2597
2860,-1377.0995,-826.2597
2865,-1377.0995,-826.2597
2870,-1377.0995,-826.2597
2875,-1377.0995,-826.2597
2880,-1377.0995,-826.2597
2885,-1377.0995,-826.2597
2890,-1377.0995,-826.2597
2895,-1377.0995,-826.2597
2900,-1377.0995,-826.2597
2905,-1377.0995,-826.2597
2910,-1377.0995,-826.2597
2915,-1377.0995,-826.2597
2920,-1377.0995,-826.2597
2925,-1377.0995,-826.2597
2930,-1377.0995,-826.2597
2935,-1377.0995,-826.2597
2940,-1377.0995,-826.2597
2945,-1377.0995,-826.2597
2950,-1377.0995,-826.2597
2955,-1377.0995,-826.2597
2960,-1377.0995,-826.2597
2965,-1377.0995,-826.2597
2970,-1377.0995,-826.2597
2975,-1377.0995,-826.2597
2980,-1377.0995,-826.2597
2985,-1377.0995,-826.2597
2990,-1377.0995,-826.2597
2995,-1377.0995,-826.2597
3000,-1377.0995,-826.2597
3005,-1377.0995,-826.2597
3010,-1377.0995,-826.2597
3015,-1377.0995,-826.2597
3020,-1377.0995,-826.2597
3025,-1377.0995,-826.2597
3030,-1377.0995,-826.2597
3035,-1377.0995,-826.2597
3040,-1377.0995,-826.2597
3045,-1377.0995,-826.2597
3050,-1377.0995,-826.2597
3055,-1377.0995,-826.2597
3060,-1377.0995,-826.2597
3065,-1377.0995,-826.2597
3070,-1377.0995,-826.2597
3075,-1377.0995,-826.2597
3080,-1377.0995,-826.2597
3085,-1377.0995,-826.2597
3090,-1377.0995,-826.2597
3095,-1377.0995,-826.2597
3100,-1377.0995,-826.2597
3105,-1377.0995,-826.2597
3110,-1377.0995,-826.2597
3115,-1377.0995,-826.2597
3120,-1377.0995,-826.2597
3125,-1377.0995,-826.2597
3130,-1377.0995,-826.2597
3135,-1377.0995,-826.2597
3140,-1377.0995,-826.2597
3145,-1377.0995,-826.2597
3150,-1377.0995,-826.2597
3155,-1377.0995,-826.2597
3160,-1377.0995,-826.2597
3165,-1377.0995,-826.2597
3170,-1377.0995,-826.2597
3175,-1377.0995,-826.2597
3180,-1377.0995,-826.2597
3185,-1377.0995,-826.2597
3190,-1377.0995,-826.2597
3195,-1377.0995,-826.2597
3200,-1377.0995,-826.2597
3205,-1377.0995,-826.2597
3210,-1377.0995,-826.2597
3215,-1377.0995,-826.2597
3220,-1377.0995,-826.2597
3225,-1377.0995,-826.2597
3230,-1377.0995,-826.2597
3235,-1377.0995,-826.2597
3240,-1377.0995,-826.2597
3245,-1377.0995,-826.2597
3250,-1377.0995,-826.2597
3255,-1377.0995,-826.2597
3260,-1377.0995,-826.2597
3265,-1377.0995,-826.2597
3270,-1377.0995,-826.2597
3275,-1377.0995,-826.2597
3280,-1377.0995,-826.2597
3285,-1377.0995,-826.2597
3290,-1377.0995,-826.2597
3295,-1377.0995,-826.2597
3300,-1377.0995,-826.2597
3305,-1377.0995,-826.2597
3310,-1377.0995,-826.2597
3315,-1377.0995,-826.2597
3320,-1377.0995,-826.2597
3325,-1377.0995,-826.2597
3330,-1377.0995,-826.2597
3335,-1377.0995,-826.2597
3340,-1377.0995,-826.2597
3345,-1377.0995,-826.2597
3350,-1377.0995,-826.2597
3355,-1377.0995,-826.2597
3360,-1377.0995,-826.2597
3365,-1377.0995,-826.2597
3370,-1377.0995,-826.2597
3375,-1377.0995,-826.2597
3380,-1377.0995,-826.2597
3385,-1377.0995,-826.2597
3390,-1377.0995,-826.2597
3395,-1377.0995,-826.2597
3400,-1377.0995,-826.2597
3405,-1377.0995,-826.2597
3410,-1377.0995,-826.2597
3415,-1377.0995,-826.2597
3420,-1377.0995,-826.2597
3425,-1377.0995,-826.2597
3430,-1377.0995,-826.2597
3435,-1377.0995,-826.2597
3440,-1377.0995,-826.2597
3445,-1377.0995,-826.2597
3450,-1377.0995,-826.2597
3455,-1377.0995,-826.2597
3460,-1377.0995,-826.2597
3465,-1377.0995,-826.2597
3470,-1377.0995,-826.2597
3475,-1377.0995,-826.2597
3480,-1377.0995,-826.2597
3485,-1377.0995,-826.2597
3490,-1377.0995,-826.2597
3495,-1377.0995,-826.2597
3500,-1377.0995,-826.2597
3505,-1377.0995,-826.2597
3510,-1377.0995,-826.2597
3515,-1377.0995,-826.2597
3520,-1377.0995,-826.2597
3525,-1377.0995,-826.2597
3530,-1377.0995,-826.2597
3535,-1377.0995,-826.2597
3540,-1377.0995,-826.2597
3545,-1377.0995,-826.2597
3550,-1377.0995,-826.2597
3555,-1377.0995,-826.2597
3560,-1377.0995,-826.2597
3565,-1377.0995,-826.2597
3570,-1377.0995,-826.2597
3575,-1377.0995,-826.2597
3580,-1377.0995,-826.2597
3585,-1377.0995,-826.2597
3590,-1377.0995,-826.2597
3595,-1377.0995,-826.2597
3600,-1377.0995,-826.2597
3605,-1377.0995,-826.2597
3610,-1377.0995,-826.2597
3615,-1377.0995,-826.2597
3620,-1377.0995,-826.2597
3625,-1377.0995,-826.2597
3630,-1377.0995,-826.2597
3635,-1377.0995,-826.2597
3640,-1377.0995,-826.2597
3645,-1377.0995,-826.2597
3650,-1377.0995,-826.2597
3655,-1377.0995,-826.2597
3660,-1377.0995,-826.2597
3665,-1377.0995,-826.2597
3670,-1377.0995,-826.2597
3675,-1377.0995,-826.2597
3680,-1377.0995,-826.2597
3685,-1377.0995,-826.2597
3690,-1377.0995,-826.2597
3695,-1377.0995,-826.2597
3700,-1377.0995,-826.2597
3705,-1377.0995,-826.2597
3710,-1377.0995,-826.2597
3715,-1377.0995,-826.2597
3720,-1377.0995,-826.2597
3725,-1377.0995,-826.2597
3730,-1377.0995,-826.2597
3735,-1377.0995,-826.2597
3740,-1377.0995,-826.2597
3745,-1377.0995,-826.2597
3750,-1377.0995,-826.2597
3755,-1377.0995,-826.2597
3760,-1377.0995,-826.2597
3765,-1377.0995,-826.2597
3770,-1377.0995,-826.2597
3775,-1377.0995,-826.2597
3780,-1377.0995,-826.2597
3785,-1377.0995,-826.2597
3790,-1377.0995,-826.2597
3795,-1377.0995,-826.2597
3800,-1377.0995,-826.2597
3805,-1377.0995,-826.2597
3810,-1377.0995,-826.2597
3815,-1377.0995,-826.2597
3820,-1377.0995,-826.2597
3825,-1377.0995,-826.2597
3830,-1377.0995,-826.2597
3835,-1377.0995,-826.2597
3840,-1377.0995,-826.2597
3845,-1377.0995,-826.2597
3850,-1377.0995,-826.2597
3855,-1377.0995,-826.2597
3860,-1377.0995,-826.2597
3865,-1377.0995,-826.2597
3870,-1377.0995,-826.2597
3875,-1377.0995,-826.2597
3880,-1377.0995,-826.2597
3885,-1377.0995,-826.2597
3890,-1377.0995,-826.2597
3895,-1377.0995,-826.2597
3900,-1377.0995,-826.2597
3905,-1377.0995,-826.2597
3910,-1377.0995,-826.2597
3915,-1377.0995,-826.2597
3920,-1377.0995,-826.2597
3925,-1377.0995,-826.2597
3930,-1377.0995,-826.2597
3935,-1377.0995,-826.2597
3940,-1377.0995,-826.2597
3945,-1377.0995,-826.2597
3950,-1377.0995,-826.2597
3955,-1377.0995,-826.2597
3960,-1377.0995,-826.2597
3965,-1377.0995,-826.2597
3970,-1377.0995,-826.2597
3975,-1377.0995,-826.2597
3980,-1377.0995,-826.2597
3985,-1377.0995,-826.2597
3990,-1377.0995,-826.2597
3995,-1377.0995,-826.2597
4000,-1377.0995,-826.2597
4005,-1377.0995,-826.2597
4010,-1377.0995,-826.2597
4015,-1377.0995,-826.2597
4020,-1377.0995,-826.2597
4025,-1377.0995,-826.2597
4030,-1377.0995,-826.2597
4035,-1377.0995,-826.2597
4040,-1377.0995,-826.2597
4045,-1377.0995,-826.2597
4050,-1377.0995,-826.2597
4055,-1377.0995,-826.2597
4060,-1377.0995,-826.2597
4065,-1377.0995,-826.2597
4070,-1377.0995,-826.2597
4075,-1377.0995,-826.2597
4080,-1377.0995,-826.2597
4085,-1377.0995,-826.2597
4090,-1377.0995,-826.2597
4095,-1377.0995,-826.2597
4100,-1377.0995,-826.2597
4105,-1377.0995,-826.2597
4110,-1377.0995,-826.2597
4115,-1377.0995,-826.2597
4120,-1377.0995,-826.2597
4125,-1377.0995,-826.2597
4130,-1377.0995,-826.2597
4135,-1377.0995,-826.2597
4140,-1377.0995,-826.2597
4145,-1377.0995,-826.2597
4150,-1377.0995,-826.2597
4155,-1377.0995,-826.2597
4160,-1377.0995,-826.2597
4165,-1377.0995,-826.2597
4170,-1377.0995,-826.2597
4175,-1377.0995,-826.2597
4180,-1377.0995,-826.2597
4185,-1377.0995,-826.2597
4190,-1377.0995,-826.2597
4195,-1377.0995,-826.2597
4200,-1377.0995,-826.2597
4205,-1377.0995,-826.2597
4210,-1377.0995,-826.2597
4215,-1377.0995,-826.2597
4220,-1377.0995,-826.2597
4225,-1377.0995,-826.2597
4230,-1377.0995,-826.2597
4235,-1377.0995,-826.2597
4240,-1377.0995,-826.2597
4245,-1377.0995,-826.2597
4250,-1377.0995,-826.2597
4255,-1377.0995,-826.2597
4260,-1377.0995,-826.2597
4265,-1377.0995,-826.2597
4270,-1377.0995,-826.2597
4275,-1377.0995,-826.2597
4280,-1377.0995,-826.2597
4285,-1377.0995,-826.2597
4290,-1377.0995,-826.2597
4295,-1377.0995,-826.2597
4300,-1377.0995,-826.2597
4305,-1377.0995,-826.2597
4310,-1377.0995,-826.2597
4315,-1377.0995,-826.2597
4320,-1377.0995,-826.2597
4325,-1377.0995,-826.2597
4330,-1377.0995,-826.2597
4335,-1377.0995,-826.2597
4340,-1377.0995,-826.2597
4345,-1377.0995,-826.2597
4350,-1377.0995,-826.2597
4355,-1377.0995,-826.2597
4360,-1377.0995,-826.2597
4365,-1377.0995,-826.2597
4370,-1377.0995,-826.2597
4375,-1377.0995,-826.2597
4380,-1377.0995,-826.2597
4385,-1377.0995,-826.2597
4390,-1377.0995,-826.2597
4395,-1377.0995,-826.2597
4400,-1377.0995,-826.2597
4405,-1377.0995,-826.2597
4410,-1377.0995,-826.2597
4415,-1377.0995,-826.2597
4420,-1377.0995,-826.2597
4425,-1377.0995,-826.2597
4430,-1377.0995,-826.2597
4435,-1377.0995,-826.2597
4440,-1377.0995,-826.2597
4445,-1377.0995,-826.2597
4450,-1377.0995,-826.2597
4455,-1377.0995,-826.2597
4460,-1377.0995,-826.2597
4465,-1377.0995,-826.2597
4470,-1377.0995,-826.2597
4475,-1377.0995,-826.2597
4480,-1377.0995,-826.2597
4485,-1377.0995,-826.2597
4490,-1377.0995,-826.2597
4495,-1377.0995,-826.2597
4500,-1377.0995,-826.2597
4505,-1377.0995,-826.2597
4510,-1377.0995,-826.2597
4515,-1377.0995,-826.2597
4520,-1377.0995,-826.2597
4525,-1377.0995,-826.2597
4530,-1377.0995,-826.2597
4535,-1377.0995,-826.2597
4540,-1377.0995,-826.2597
4545,-1377.0995,-826.2597
4550,-1377.0995,-826.2597
4555,-1377.0995,-826.2597
4560,-1377.0995,-826.2597
4565,-1377.0995,-826.2597
4570,-1377.0995,-826.2597
4575,-1377.0995,-826.2597
4580,-1377.0995,-826.2597
4585,-1377.0995,-826.2597
4590,-1377.0995,-826.2597
4595,-1377.0995,-826.2597
4600,-1377.0995,-826.2597
4605,-1377.0995,-826.2597
4610,-1377.0995,-826.2597
4615,-1377.0995,-826.2597
4620,-1377.0995,-826.2597
4625,-1377.0995,-826.2597
4630,-1377.0995,-826.2597
4635,-1377.0995,-826.2597
4640,-1377.0995,-826.2597
4645,-1377.0995,-826.2597
4650,-1377.0995,-826.2597
4655,-1377.0995,-826.2597
4660,-1377.0995,-826.2597
4665,-1377.0995,-826.2597
4670,-1377.0995,-826.2597
4675,-1377.0995,-826.2597
4680,-1377.0995,-826.2597
4685,-1377.0995,-826.2597
4690,-1377.0995,-826.2597
4695,-1377.0995,-826.2597
4700,-1377.0995,-826.2597
4705,-1377.0995,-826.2597
4710,-1377.0995,-826.2597
4715,-1377.0995,-826.2597
4720,-1377.0995,-826.2597
4725,-1377.0995,-826.2597
4730,-1377.0995,-826.2597
4735,-1377.0995,-826.2597
4740,-1377.0995,-826.2597
4745,-1377.0995,-826.2597
4750,-1377.0995,-826.2597
4755,-1377.0995,-826.2597
4760,-1377.0995,-826.2597
4765,-1377.0995,-826.2597
4770,-1377.0995,-826.2597
4775,-1377.0995,-826.2597
4780,-1377.0995,-826.2597
4785,-1377.0995,-826.2597
4790,-1377.0995,-826.2597
4795,-1377.0995,-826.2597
4800,-1377.0995,-826.2597
4805,-1377.0995,-826.2597
4810,-1377.0995,-826.2597
4815,-1377.0995,-826.2597
4820,-1377.0995,-826.2597
4825,-1377.0995,-826.2597
4830,-1377.0995,-826.2597
4835,-1377.0995,-826.2597
4840,-1377.0995,-826.2597
4845,-1377.0995,-826.2597
4850,-1377.0995,-826.2597
4855,-1377.0995,-826.2597
4860,-1377.0995,-826.2597
4865,-1377.0995,-826.2597
4870,-1377.0995,-826.2597
4875,-1377.0995,-826.2597
4880,-1377.0995,-826.2597
4885,-1377.0995,-826.2597
4890,-1377.0995,-826.2597
4895,-1377.0995,-826.2597
4900,-1377.0995,-826.2597
4905,-1377.0995,-826.2597
4910,-1377.0995,-826.2597
4915,-1377.0995,-826.2597
4920,-1377.0995,-826.2597
4925,-1377.0995,-826.2597
4930,-1377.0995,-826.2597
4935,-1377.0995,-826.2597
4940,-1377.0995,-826.2597
4945,-1377.0995,-826.2597
4950,-1377.0995,-826.2597
4955,-1377.0995,-826.2597
4960,-1377.0995,-826.2597
4965,-1377.0995,-826.2597
4970,-1377.0995,-826.2597
4975,-1377.0995,-826.2597
4980,-1377.0995,-826.2597
4985,-1377.0995,-826.2597
4990,-1377.0995,-826.2597
4995,-1377.0995,-826.2597
5000,-1377.0995,-826.2597
5005,-1377.0995,-826.2597
5010,-1377.0995,-826.2597
5015,-1377.0995,-826.2597
5020,-1377.0995,-826.2597
5025,-1377.0995,-826.2597
5030,-1377.0995,-826.2597
5035,-1377.0995,-826.2597
5040,-1377.0995,-826.2597
5045,-1377.0995,-826.2597
5050,-1377.0995,-826.2597
5055,-1377.0995,-826.2597
5060,-1377.0995,-826.2597
5065,-1377.0995,-826.2597
5070,-1377.0995,-826.2597
5075,-1377.0995,-826.2597
5080,-1377.0995,-826.2597
5085,-1377.0995,-826.2597
5090,-1377.0995,-826.2597
5095,-1377.0995,-826.2597
5100,-1377.0995,-826.2597
5105,-1377.0995,-826.2597
5110,-1377.0995,-826.2597
5115,-1377.0995,-826.2597
5120,-1377.0995,-826.2597
5125,-1377.0995,-826.2597
5130,-1377.0995,-826.2597
5135,-1377.0995,-826.2597
5140,-1377.0995,-826.2597
5145,-1377.0995,-826.2597
5150,-1377.0995,-826.2597
5155,-1377.0995,-826.2597
5160,-1377.0995,-826.2597
5165,-1377.0995,-826.2597
5170,-1377.0995,-826.2597
5175,-1377.0995,-826.2597
5180,-1377.0995,-826.2597
5185,-1377.0995,-826.2597
5190,-1377.0995,-826.2597
5195,-1377.0995,-826.2597
5200,-1377.0995,-826.2597
5205,-1377.0995,-826.2597
5210,-1377.0995,-826.2597
5215,-1377.0995,-826.2597
5220,-1377.0995,-826.2597
5225,-1377.0995,-826.2597
5230,-1377.0995,-826.2597
5235,-1377.0995,-826.2597
5240,-1377.0995,-826.2597
5245,-1377.0995,-826.2597
5250,-1377.0995,-826.2597
5255,-1377.0995,-826.2597
5260,-1377.0995,-826.2597
5265,-1377.0995,-826.2597
5270,-1377.0995,-826.2597
5275,-1377.0995,-826.2597
5280,-1377.0995,-826.2597
5285,-1377.0995,-826.2597
5290,-1377.0995,-826.2597
5295,-1377.0995,-826.2597
5300,-1377.0995,-826.2597
5305,-1377.0995,-826.2597
5310,-1377.0995,-826.2597
5315,-1377.0995,-826.2597
5320,-1377.0995,-826.2597
5325,-1377.0995,-826.2597
5330,-1377.0995,-826.2597
5335,-1377.0995,-826.2597
5340,-1377.0995,-826.2597
5345,-1377.0995,-826.2597
5350,-1377.0995,-826.2597
5355,-1377.0995,-826.2597
5360,-1377.0995,-826.2597
5365,-1377.0995,-826.2597
5370,-1377.0995,-826.2597
5375,-1377.0995,-826.2597
5380,-1377.0995,-826.2597
5385,-1377.0995,-826.2597
5390,-1377.0995,-826.2597
5395,-1377.0995,-826.2597
5400,-1377.0995,-826.2597
5405,-1377.0995,-826.2597
5410,-1377.0995,-826.2597
5415,-1377.0995,-826.2597
5420,-1377.0995,-826.2597
5425,-1377.0995,-826.2597
5430,-1377.0995,-826.2597
5435,-1377.0995,-826.2597
5440,-1377.0995,-826.2597
5445,-1377.0995,-826.2597
5450,-1377.0995,-826.2597
5455,-1377.0995,-826.2597
5460,-1377.0995,-826.2597
5465,-1377.0995,-826.2597
5470,-1377.0995,-826.2597
5475,-1377.0995,-826.2597
5480,-1377.0995,-826.2597
5485,-1377.0995,-826.2597
5490,-1377.0995,-826.2597
5495,-1377.0995,-826.2597
5500,-1377.0995,-826.2597
5505,-1377.0995,-826.2597
5510,-1377.0995,-826.2597
5515,-1377.0995,-826.2597
5520,-1377.0995,-826.2597
5525,-1377.0995,-826.2597
5530,-1377.0995,-826.2597
5535,-1377.0995,-826.2597
5540,-1377.0995,-826.2597
5545,-1377.0995,-826.2597
5550,-1377.0995,-826.2597
5555,-1377.0995,-826.2597
5560,-1377.0995,-826.2597
5565,-1377.0995,-826.2597
5570,-1377.0995,-826.2597
5575,-1377.0995,-826.2597
5580,-1377.0995,-826.2597
5585,-1377.0995,-826.2597
5590,-1377.0995,-826.2597
5595,-1377.0995,-826.2597
5600,-1377.0995,-826.2597
5605,-1377.0995,-826.2597
5610,-1377.0995,-826.2597
5615,-1377.0995,-826.2597
5620,-1377.0995,-826.2597
5625,-1377.0995,-826.2597
5630,-1377.0995,-826.2597
5635,-1377.0995,-826.2597
5640,-1377.0995,-826.2597
5645,-1377.0995,-826.2597
5650,-1377.0995,-826.2597
5655,-1377.0995,-826.2597
5660,-1377.0995,-826.2597
5665,-1377.0995,-826.2597
5670,-1377.0995,-826.2597
5675,-1377.0995,-826.2597
5680,-1377.0995,-826.2597
5685,-1377.0995,-826.2597
5690,-1377.0995,-826.2597
5695,-1377.0995,-826.2597
5700,-1377.0995,-826.2597
5705,-1377.0995,-826.2597
5710,-1377.0995,-826.2597
5715,-1377.0995,-826.2597
5720,-1377.0995,-826.2597
5725,-1377.0995,-826.2597
5730,-1377.0995,-826.2597
5735,-1377.0995,-826.2597
5740,-1377.0995,-826.2597
5745,-1377.0995,-826.2597
5750,-1377.0995,-826.2597
5755,-1377.0995,-826.2597
5760,-1377.0995,-826.2597
5765,-1377.0995,-826.2597
5770,-1377.0995,-826.2597
5775,-1377.0995,-826.2597
5780,-1377.0995,-826.2597
5785,-1377.0995,-826.2597
5790,-1377.0995,-826.2597
5795,-1377.0995,-826.2597
5800,-1377.0995,-826.2597
5805,-1377.0995,-826.2597
5810,-1377.0995,-826.2597
5815,-1377.0995,-826.2597
5820,-1377.0995,-826.2597
5825,-1377.0995,-826.2597
5830,-1377.0995,-826.2597
5835,-1377.0995,-826.2597
5840,-1377.0995,-826.2597
5845,-1377.0995,-826.2597
5850,-1377.0995,-826.2597
5855,-1377.0995,-826.2597
5860,-1377.0995,-826.2597
5865,-1377.0995,-826.2597
5870,-1377.0995,-826.2597
5875,-1377.0995,-826.2597
5880,-1377.0995,-826.2597
5885,-1377.0995,-826.2597
5890,-1377.0995,-826.2597
5895,-1377.0995,-826.2597
5900,-1377.0995,-826.2597
5905,-1377.0995,-826.2597
5910,-1377.0995,-826.2597
5915,-1377.0995,-826.2597
5920,-1377.0995,-826.2597
5925,-1377.0995,-826.2597
5930,-1377.0995,-826.2597
5935,-1377.0995,-826.2597
5940,-1377.0995,-826.2597
5945,-1377.0995,-826.2597
5950,-1377.0995,-826.2597
5955,-1377.0995,-826.2597
5960,-1377.0995,-826.2597
5965,-1377.0995,-826.2597
5970,-1377.0995,-826.2597
5975,-1377.0995,-826.2597
5980,-1377.0995,-826.2597
5985,-1377.0995,-826.2597
5990,-1377.0995,-826.2597
5995,-1377.0995,-826.2597
6000,-1377.0995,-826.2597
6005,-1377.0995,-826.2597
6010,-1377.0995,-826.2597
6015,-1377.0995,-826.2597
6020,-1377.0995,-826.2597
6025,-1377.0995,-826.2597
6030,-1377.0995,-826.2597
6035,-1377.0995,-826.2597
6040,-1377.0995,-826.2597
6045,-1377.0995,-826.2597
6050,-1377.0995,-826.2597
6055,-1377.0995,-826.2597
6060,-1377.0995,-826.2597
6065,-1377.0995,-826.2597
6070,-1377.0995,-826.2597
6075,-1377.0995,-826.2597
6080,-1377.0995,-826.2597
6085,-1377.0995,-826.2597
6090,-1377.0995,-826.2597
6095,-1377.0995,-826.2597
6100,-1377.0995,-826.2597
6105,-1377.0995,-826.2597
6110,-1377.0995,-826.2597
6115,-1377.0995,-826.2597
6120,-1377.0995,-826.2597
6125,-1377.0995,-826.2597
6130,-1377.0995,-826.2597
6135,-1377.0995,-826.2597
6140,-1377.0995,-826.2597
6145,-1377.0995,-826.2597
6150,-1377.0995,-826.2597
6155,-1377.0995,-826.2597
6160,-1377.0995,-826.2597
6165,-1377.0995,-826.2597
6170,-1377.0995,-826.2597
6175,-1377.0995,-826.2597
6180,-1377.0995,-826.2597
6185,-1377.0995,-826.2597
6190,-1377.0995,-826.2597
6195,-1377.0995,-826.2597
6200,-1377.0995,-826.2597
6205,-1377.0995,-826.2597
6210,-1377.0995,-826.2597
6215,-1377.0995,-826.2597
6220,-1377.0995,-826.2597
6225,-1377.0995,-826.2597
6230,-1377.0995,-826.2597
6235,-1377.0995,-826.2597
6240,-1377.0995,-826.2597
6245,-1377.0995,-826.2597
6250,-1377.0995,-826.2597
6255,-1377.0995,-826.2597
6260,-1377.0995,-826.2597
6265,-1377.0995,-826.2597
6270,-1377.0995,-826.2597
6275,-1377.0995,-826.2597
6280,-1377.0995,-826.2597
6285,-1377.0995,-826.2597
6290,-1377.0995,-826.2597
6295,-1377.0995,-826.2597
6300,-1377.0995,-826.2597
6305,-1377.0995,-826.2597
6310,-1377.0995,-826.2597
6315,-1377.0995,-826.2597
6320,-1377.0995,-826.2597
6325,-1377.0995,-826.2597
6330,-1377.0995,-826.2597
6335,-1377.0995,-826.2597
6340,-1377.0995,-826.2597
6345,-1377.0995,-826.2597
6350,-1377.0995,-826.2597
6355,-1377.0995,-826.2597
6360,-1377.0995,-826.2597
6365,-1377.0995,-826.2597
6370,-1377.0995,-826.2597
6375,-1377.0995,-826.2597
6380,-1377.0995,-826.2597
6385,-1377.0995,-826.2597
6390,-1377.0995,-826.2597
6395,-1377.0995,-826.2597
6400,-1377.0995,-826.2597
6405,-1377.0995,-826.2597
6410,-1377.0995,-826.2597
6415,-1377.0995,-826.2597
6420,-1377.0995,-826.2597
6425,-1377.0995,-826.2597
6430,-1377.0995,-826.2597
6435,-1377.0995,-826.2597
6440,-1377.0995,-826.2597
6445,-1377.0995,-826.2597
6450,-1377.0995,-826.2597
6455,-1377.0995,-826.2597
6460,-1377.0995,-826.2597
6465,-1377.0995,-826.2597
6470,-1377.0995,-826.2597
6475,-1377.0995,-826.2597
6480,-1377.0995,-826.2597
6485,-1377.0995,-826.2597
6490,-1377.0995,-826.2597
6495,-1377.0995,-826.2597
6500,-1377.0995,-826.2597
6505,-1377.0995,-826.2597
6510,-1377.0995,-826.2597
6515,-1377.0995,-826.2597
6520,-1377.0995,-826.2597
6525,-1377.0995,-826.2597
6530,-1377.0995,-826.2597
6535,-1377.0995,-826.2597
6540,-1377.0995,-826.2597
6545,-1377.0995,-826.2597
6550,-1377.0995,-826.2597
6555,-1377.0995,-826.2597
6560,-1377.0995,-826.2597
6565,-1377.0995,-826.2597
6570,-1377.0995,-826.2597
6575,-1377.0995,-826.2597
6580,-1377.0995,-826.2597
6585,-1377.0995,-826.2597
6590,-1377.0995,-826.2597
6595,-1377.0995,-826.2597
6600,-1377.0995,-826.2597
6605,-1377.0995,-826.2597
6610,-1377.0995,-826.2597
6615,-1377.0995,-826.2597
6620,-1377.0995,-826.2597
6625,-1377.0995,-826.2597
6630,-1377.0995,-826.2597
6635,-1377.0995,-826.2597
6640,-1377.0995,-826.2597
6645,-1377.0995,-826.2597
6650,-1377.0995,-826.2597
6655,-1377.0995,-826.2597
6660,-1377.0995,-826.2597
6665,-1377.0995,-826.2597
6670,-1377.0995,-826.2597
6675,-1377.0995,-826.2597
6680,-1377.0995,-826.2597
6685,-1377.0995,-826.2597
6690,-1377.0995,-826.2597
6695,-1377.0995,-826.2597
6700,-1377.0995,-826.2597
6705,-1377.0995,-826.2597
6710,-1377.0995,-826.2597
6715,-1377.0995,-826.2597
6720,-1377.0995,-826.2597
6725,-1377.0995,-826.2597
6730,-1377.0995,-826.2597
6735,-1377.0995,-826.2597
6740,-1377.0995,-826.2597
6745,-1377.0995,-826.2597
6750,-1377.0995,-826.2597
6755,-1377.0995,-826.2597
6760,-1377.0995,-826.2597
6765,-1377.0995,-826.2597
6770,-1377.0995,-826.2597
6775,-1377.0995,-826.2597
6780,-1377.0995,-826.2597
6785,-1377.0995,-826.2597
6790,-1377.0995,-826.2597
6795,-1377.0995,-826.2597
6800,-1377.0995,-826.2597
6805,-1377.0995,-826.2597
6810,-1377.0995,-826.2597
6815,-1377.0995,-826.2597
6820,-1377.0995,-826.2597
6825,-1377.0995,-826.2597
6830,-1377.0995,-826.2597
6835,-1377.0995,-826.2597
6840,-1377.0995,-826.2597
6845,-1377.0995,-826.2597
6850,-1377.0995,-826.2597
6855,-1377.0995,-826.2597
6860,-1377.0995,-826.2597
6865,-1377.0995,-826.2597
6870,-1377.0995,-826.2597
6875,-1377.0995,-826.2597
6880,-1377.0995,-826.2597
6885,-1377.0995,-826.2597
6890,-1377.0995,-826.2597
6895,-1377.0995,-826.2597
6900,-1377.0995,-826.2597
6905,-1377.0995,-826.2597
6910,-1377.0995,-826.2597
6915,-1377.0995,-826.2597
6920,-1377.0995,-826.2597
6925,-1377.0995,-826.2597
6930,-1377.0995,-826.2597
6935,-1377.0995,-826.2597
6940,-1377.0995,-826.2597
6945,-1377.0995,-826.2597
6950,-1377.0995,-826.2597
6955,-1377.0995,-826.2597
6960,-1377.0995,-826.2597
6965,-1377.0995,-826.2597
6970,-1377.0995,-826.2597
6975,-1377.0995,-826.2597
6980,-1377.0995,-826.2597
6985,-1377.0995,-826.2597
6990,-1377.0995,-826.2597
6995,-1377.0995,-826.2597
7000,-1377.0995,-826.2597
7005,-1377.0995,-826.2597
7010,-1377.0995,-826.2597
7015,-1377.0995,-826.2597
7020,-1377.0995,-826.2597
7025,-1377.0995,-826.2597
7030,-1377.0995,-826.2597
7035,-1377.0995,-826.2597
7040,-1377.0995,-826.2597
7045,-1377.0995,-826.2597
7050,-1377.0995,-826.2597
7055,-1377.0995,-826.2597
7060,-1377.0995,-826.2597
7065,-1377.0995,-826.2597
7070,-1377.0995,-826.2597
7075,-1377.0995,-826.2597
7080,-1377.0995,-826.2597
7085,-1377.0995,-826.2597
7090,-1377.0995,-826.2597
7095,-1377.0995,-826.2597
7100,-1377.0995,-826.2597
7105,-1377.0995,-826.2597
7110,-1377.0995,-826.2597
7115,-1377.0995,-826.2597
7120,-1377.0995,-826.2597
7125,-1377.0995,-826.2597
7130,-1377.0995,-826.2597
7135,-1377.0995,-826.2597
7140,-1377.0995,-826.2597
7145,-1377.0995,-826.2597
7150,-1377.0995,-826.2597
7155,-1377.0995,-826.2597
7160,-1377.0995,-826.2597
7165,-1377.0995,-826.2597
7170,-1377.0995,-826.2597
7175,-1377.0995,-826.2597
7180,-1377.0995,-826.2597
7185,-1377.0995,-826.2597
7190,-1377.0995,-826.2597
7195,-1377.0995,-826.2597
7200,-1377.0995,-826.2597
7205,-1377.0995,-826.2597
7210,-1377.0995,-826.2597
7215,-1377.0995,-826.2597
7220,-1377.0995,-826.2597
7225,-1377.0995,-826.2597
7230,-1377.0995,-826.2597
7235,-1377.0995,-826.2597
7240,-1377.0995,-826.2597
7245,-1377.0995,-826.2597
7250,-1377.0995,-826.2597
7255,-1377.0995,-826.2597
7260,-1377.0995,-826.2597
7265,-1377.0995,-826.2597
7270,-1377.0995,-826.2597
7275,-1377.0995,-826.2597
7280,-1377.0995,-826.2597
7285,-1377.0995,-826.2597
7290,-1377.0995,-826.2597
7295,-1377.0995,-826.2597
7300,-1377.0995,-826.2597
7305,-1377.0995,-826.2597
7310,-1377.0995,-826.2597
7315,-1377.0995,-826.2597
7320,-1377.0995,-826.2597
7325,-1377.0995,-826.2597
7330,-1377.0995,-826.2597
7335,-1377.0995,-826.2597
7340,-1377.0995,-826.2597
7345,-1377.0995,-826.2597
7350,-1377.0995,-826.2597
7355,-1377.0995,-826.2597
7360,-1377.0995,-826.2597
7365,-1377.0995,-826.2597
7370,-1377.0995,-826.2597
7375,-1377.0995,-826.2597
7380,-1377.0995,-826.2597
7385,-1377.0995,-826.2597
7390,-1377.0995,-826.2597
7395,-1377.0995,-826.2597
7400,-1377.0995,-826.2597
7405,-1377.0995,-826.2597
7410,-1377.0995,-826.2597
7415,-1377.0995,-826.2597
7420,-1377.0995,-826.2597
7425,-1377.0995,-826.2597
7430,-1377.0995,-826.2597
7435,-1377.0995,-826.2597
7440,-1377.0995,-826.2597
7445,-1377.0995,-826.2597
7450,-1377.0995,-826.2597
7455,-1377.0995,-826.2597
7460,-1377.0995,-826.2597
7465,-1377.0995,-826.2597
7470,-1377.0995,-826.2597
7475,-1377.0995,-826.2597
7480,-1377.0995,-826.2597
7485,-1377.0995,-826.2597
7490,-1377.0995,-826.2597
7495,-1377.0995,-826.2597
7500,-1377.0995,-826.2597
7505,-1377.0995,-826.2597
7510,-1377.0995,-826.2597
7515,-1377.0995,-826.2597
7520,-1377.0995,-826.2597
7525,-1377.0995,-826.2597
7530,-1377.0995,-826.2597
7535,-1377.0995,-826.2597
7540,-1377.0995,-826.2597
7545,-1377.0995,-826.2597
7550,-1377.0995,-826.2597
7555,-1377.0995,-826.2597
7560,-1377.0995,-826.2597
7565,-1377.0995,-826.2597
7570,-1377.0995,-826.2597
7575,-1377.0995,-826.2597
7580,-1377.0995,-826.2597
7585,-1377.0995,-826.2597
7590,-1377.0995,-826.2597
7595,-1377.0995,-826.2597
7600,-1377.0995,-826.2597
7605,-1377.0995,-826.2597
7610,-1377.0995,-826.2597
7615,-1377.0995,-826.2597
7620,-1377.0995,-826.2597
7625,-1377.0995,-826.2597
7630,-1377.0995,-826.2597
7635,-1377.0995,-826.2597
7640,-1377.0995,-826.2597
7645,-1377.0995,-826.2597
7650,-1377.0995,-826.2597
7655,-1377.0995,-826.2597
7660,-1377.0995,-826.2597
7665,-1377.0995,-826.2597
7670,-1377.0995,-826.2597
7675,-1377.0995,-826.2597
7680,-1377.0995,-826.2597
7685,-1377.0995,-826.2597
7690,-1377.0995,-826.2597
7695,-1377.0995,-826.2597
7700,-1377.0995,-826.2597
7705,-1377.0995,-826.2597
7710,-1377.0995,-826.2597
7715,-1377.0995,-826.2597
7720,-1377.0995,-826.2597
7725,-1377.0995,-826.2597
7730,-1377.0995,-826.2597
7735,-1377.0995,-826.2597
7740,-1377.0995,-826.2597
7745,-1377.0995,-826.2597
7750,-1377.0995,-826.2597
7755,-1377.0995,-826.2597
7760,-1377.0995,-826.2597
7765,-1377.0995,-826.2597
7770,-1377.0995,-826.2597
7775,-1377.0995,-826.2597
7780,-1377.0995,-826.2597
7785,-1377.0995,-826.2597
7790,-1377.0995,-826.2597
7795,-1377.0995,-826.2597
7800,-1377.0995,-826.2597
7805,-1377.0995,-826.2597
7810,-1377.0995,-826.2597
7815,-1377.0995,-826.2597
7820,-1377.0995,-826.2597
7825,-1377.0995,-826.2597
7830,-1377.0995,-826.2597
7835,-1377.0995,-826.2597
7840,-1377.0995,-826.2597
7845,-1377.0995,-826.2597
7850,-1377.0995,-826.2597
7855,-1377.0995,-826.2597
7860,-1377.0995,-826.2597
7865,-1377.0995,-826.2597
7870,-1377.0995,-826.2597
7875,-1377.0995,-826.2597
7880,-1377.0995,-826.2597
7885,-1377.0995,-826.2597
7890,-1377.0995,-826.2597
7895,-1377.0995,-826.2597
7900,-1377.0995,-826.2597
7905,-1377.0995,-826.2597
7910,-1377.0995,-826.2597
7915,-1377.0995,-826.2597
7920,-1377.0995,-826.2597
7925,-1377.0995,-826.2597
7930,-1377.0995,-826.2597
7935,-1377.0995,-826.2597
7940,-1377.0995,-826.2597
7945,-1377.0995,-826.2597
7950,-1377.0995,-826.2597
7955,-1377.0995,-826.2597
7960,-1377.0995,-826.2597
7965,-1377.0995,-826.2597
7970,-1377.0995,-826.2597
7975,-1377.0995,-826.2597
7980,-1377.0995,-826.2597
7985,-1377.0995,-826.2597
7990,-1377.0995,-826.2597
7995,-1377.0995,-826.2597
8000,-1377.0995,-826.2597
8005,-1377.0995,-826.2597
8010,-1377.0995,-826.2597
8015,-1377.0995,-826.2597
8020,-1377.0995,-826.2597
8025,-1377.0995,-826.2597
8030,-1377.0995,-826.2597
8035,-1377.0995,-826.2597
8040,-1377.0995,-826.2597
8045,-1377.0995,-826.2597
8050,-1377.0995,-826.2597
8055,-1377.0995,-826.2597
8060,-1377.0995,-826.2597
8065,-1377.0995,-826.2597
8070,-1377.0995,-826.2597
8075,-1377.0995,-826.2597
8080,-1377.0995,-826.2597
8085,-1377.0995,-826.2597
8090,-1377.0995,-826.2597
8095,-1377.0995,-826.2597
8100,-1377.0995,-826.2597
8105,-1377.0995,-826.2597
8110,-1377.0995,-826.2597
8115,-1377.0995,-826.2597
8120,-1377.0995,-826.2597
8125,-1377.0995,-826.2597
8130,-1377.0995,-826.2597
8135,-1377.0995,-826.2597
8140,-1377.0995,-826.2597
8145,-1377.0995,-826.2597
8150,-1377.0995,-826.2597
8155,-1377.0995,-826.2597
8160,-1377.0995,-826.2597
8165,-1377.0995,-826.2597
8170,-1377.0995,-826.2597
8175,-1377.0995,-826.2597
8180,-1377.0995,-826.2597
8185,-1377.0995,-826.2597
8190,-1377.0995,-826.2597
8195,-1377.0995,-826.2597
8200,-1377.0995,-826.2597
8205,-1377.0995,-826.2597
8210,-1377.0995,-826.2597
8215,-1377.0995,-826.2597
8220,-1377.0995,-826.2597
8225,-1377.0995,-826.2597
8230,-1377.0995,-826.2597
8235,-1377.0995,-826.2597
8240,-1377.0995,-826.2597
8245,-1377.0995,-826.2597
8250,-1377.0995,-826.2597
8255,-1377.0995,-826.2597
8260,-1377.0995,-826.2597
8265,-1377.0995,-826.2597
8270,-1377.0995,-826.2597
8275,-1377.0995,-826.2597
8280,-1377.0995,-826.2597
8285,-1377.0995,-826.2597
8290,-1377.0995,-826.2597
8295,-1377.0995,-826.2597
8300,-1377.0995,-826.2597
8305,-1377.0995,-826.2597
8310,-1377.0995,-826.2597
8315,-1377.0995,-826.2597
8320,-1377.0995,-826.2597
8325,-1377.0995,-826.2597
8330,-1377.0995,-826.2597
8335,-1377.0995,-826.2597
8340,-1377.0995,-826.2597
8345,-1377.0995,-826.2597
8350,-1377.0995,-826.2597
8355,-1377.0995,-826.2597
8360,-1377.0995,-826.2597
8365,-1377.0995,-826.2597
8370,-1377.0995,-826.2597
8375,-1377.0995,-826.2597
8380,-1377.0995,-826.2597
8385,-1377.0995,-826.2597
8390,-1377.0995,-826.2597
8395,-1377.0995,-826.2597
8400,-1377.0995,-826.2597
8405,-1377.0995,-826.2597
8410,-1377.0995,-826.2597
8415,-1377.0995,-826.2597
8420,-1377.0995,-826.2597
8425,-1377.0995,-826.2597
8430,-1377.0995,-826.2597
8435,-1377.0995,-826.2597
8440,-1377.0995,-826.2597
8445,-1377.0995,-826.2597
8450,-1377.0995,-826.2597
8455,-1377.0995,-826.2597
8460,-1377.0995,-826.2597
8465,-1377.0995,-826.2597
8470,-1377.0995,-826.2597
8475,-1377.0995,-826.2597
8480,-1377.0995,-826.2597
8485,-1377.0995,-826.2597
8490,-1377.0995,-826.2597
8495,-1377.0995,-826.2597
8500,-1377.0995,-826.2597
8505,-1377.0995,-826.2597
8510,-1377.0995,-826.2597
8515,-1377.0995,-826.2597
8520,-1377.0995,-826.2597
8525,-1377.0995,-826.2597
8530,-1377.0995,-826.2597
8535,-1377.0995,-826.2597
8540,-1377.0995,-826.2597
8545,-1377.0995,-826.2597
8550,-1377.0995,-826.2597
8555,-1377.0995,-826.2597
8560,-1377.0995,-826.2597
8565,-1377.0995,-826.2597
8570,-1377.0995,-826.2597
8575,-1377.0995,-826.2597
8580,-1377.0995,-826.2597
8585,-1377.0995,-826.2597
8590,-1377.0995,-826.2597
8595,-1377.0995,-826.2597
8600,-1377.0995,-826.2597
8605,-1377.0995,-826.2597
8610,-1377.0995,-826.2597
8615,-1377.0995,-826.2597
8620,-1377.0995,-826.2597
8625,-1377.0995,-826.2597
8630,-1377.0995,-826.2597
8635,-1377.0995,-826.2597
8640,-1377.0995,-826.2597
8645,-1377.0995,-826.2597
8650,-1377.0995,-826.2597
8655,-1377.0995,-826.2597
8660,-1377.0995,-826.2597
8665,-1377.0995,-826.2597
8670,-1377.0995,-826.2597
8675,-1377.0995,-826.2597
8680,-1377.0995,-826.2597
8685,-1377.0995,-826.2597
8690,-1377.0995,-826.2597
8695,-1377.0995,-826.2597
8700,-1377.0995,-826.2597
8705,-1377.0995,-826.2597
8710,-1377.0995,-826.2597
8715,-1377.0995,-826.2597
8720,-1377.0995,-826.2597
8725,-1377.0995,-826.2597
8730,-1377.0995,-826.2597
8735,-1377.0995,-826.2597
8740,-1377.0995,-826.2597
8745,-1377.0995,-826.2597
8750,-1377.0995,-826.2597
8755,-1377.0995,-826.2597
8760,-1377.0995,-826.2597
8765,-1377.0995,-826.2597
8770,-1377.0995,-826.2597
8775,-1377.0995,-826.2597
8780,-1377.0995,-826.2597
8785,-1377.0995,-826.2597
8790,-1377.0995,-826.2597
8795,-1377.0995,-826.2597
8800,-1377.0995,-826.2597
8805,-1377.0995,-826.2597
8810,-1377.0995,-826.2597
8815,-1377.0995,-826.2597
8820,-1377.0995,-826.2597
8825,-1377.0995,-826.2597
8830,-1377.0995,-826.2597
8835,-1377.0995,-826.2597
8840,-1377.0995,-826.2597
8845,-1377.0995,-826.2597
8850,-1377.0995,-826.2597
8855,-1377.0995,-826.2597
8860,-1377.0995,-826.2597
8865,-1377.0995,-826.2597
8870,-1377.0995,-826.2597
8875,-1377.0995,-826.2597
8880,-1377.0995,-826.2597
8885,-1377.0995,-826.2597
8890,-1377.0995,-826.2597
8895,-1377.0995,-826.2597
8900,-1377.0995,-826.2597
8905,-1377.0995,-826.2597
8910,-1377.0995,-826.2597
8915,-1377.0995,-826.2597
8920,-1377.0995,-826.2597
8925,-1377.0995,-826.2597
8930,-1377.0995,-826.2597
8935,-1377.0995,-826.2597
8940,-1377.0995,-826.2597
8945,-1377.0995,-826.2597
8950,-1377.0995,-826.2597
8955,-1377.0995,-826.2597
8960,-1377.0995,-826.2597
8965,-1377.0995,-826.2597
8970,-1377.0995,-826.2597
8975,-1377.0995,-826.2597
8980,-1377.0995,-826.2597
8985,-1377.0995,-826.2597
8990,-1377.0995,-826.2597
8995,-1377.0995,-826.2597
9000,-1377.0995,-826.2597
9005,-1377.0995,-826.2597
9010,-1377.0995,-826.2597
9015,-1377.0995,-826.2597
9020,-1377.0995,-826.2597
9025,-1377.0995,-826.2597
9030,-1377.0995,-826.2597
9035,-1377.0995,-826.2597
9040,-1377.0995,-826.2597
9045,-1377.0995,-826.2597
9050,-1377.0995,-826.2597
9055,-1377.0995,-826.2597
9060,-1377.0995,-826.2597
9065,-1377.0995,-826.2597
9070,-1377.0995,-826.2597
9075,-1377.0995,-826.2597
9080,-1377.0995,-826.2597
9085,-1377.0995,-826.2597
9090,-1377.0995,-826.2597
9095,-1377.0995,-826.2597
9100,-1377.0995,-826.2597
9105,-1377.0995,-826.2597
9110,-1377.0995,-826.2597
9115,-1377.0995,-826.2597
9120,-1377.0995,-826.2597
9125,-1377.0995,-826.2597
9130,-1377.0995,-826.2597
9135,-1377.0995,-826.2597
9140,-1377.0995,-826.2597
9145,-1377.0995,-826.2597
9150,-1377.0995,-826.2597
9155,-1377.0995,-826.2597
9160,-1377.0995,-826.2597
9165,-1377.0995,-826.2597
9170,-1377.0995,-826.2597
9175,-1377.0995,-826.2597
9180,-1377.0995,-826.2597
9185,-1377.0995,-826.2597
9190,-1377.0995,-826.2597
9195,-1377.0995,-826.2597
9200,-1377.0995,-826.2597
9205,-1377.0995,-826.2597
9210,-1377.0995,-826.2597
9215,-1377.0995,-826.2597
9220,-1377.0995,-826.2597
9225,-1377.0995,-826.2597
9230,-1377.0995,-826.2597
9235,-1377.0995,-826.2597
9240,-1377.0995,-826.2597
9245,-1377.0995,-826.2597
9250,-1377.0995,-826.2597
9255,-1377.0995,-826.2597
9260,-1377.0995,-826.2597
9265,-1377.0995,-826.2597
9270,-1377.0995,-826.2597
9275,-1377.0995,-826.2597
9280,-1377.0995,-826.2597
9285,-1377.0995,-826.2597
9290,-1377.0995,-826.2597
9295,-1377.0995,-826.2597
9300,-1377.0995,-826.2597
9305,-1377.0995,-826.2597
9310,-1377.0995,-826.2597
9315,-1377.0995,-826.2597
9320,-1377.0995,-826.2597
9325,-1377.0995,-826.2597
9330,-1377.0995,-826.2597
9335,-1377.0995,-826.2597
9340,-1377.0995,-826.2597
9345,-1377.0995,-826.2597
9350,-1377.0995,-826.2597
9355,-1377.0995,-826.2597
9360,-1377.0995,-826.2597
9365,-1377.0995,-826.2597
9370,-1377.0995,-826.2597
9375,-1377.0995,-826.2597
9380,-1377.0995,-826.2597
9385,-1377.0995,-826.2597
9390,-1377.0995,-826.2597
9395,-1377.0995,-826.2597
9400,-1377.0995,-826.2597
9405,-1377.0995,-826.2597
9410,-1377.0995,-826.2597
9415,-1377.0995,-826.2597
9420,-1377.0995,-826.2597
9425,-1377.0995,-826.2597
9430,-1377.0995,-826.2597
9435,-1377.0995,-826.2597
9440,-1377.0995,-826.2597
9445,-1377.0995,-826.2597
9450,-1377.0995,-826.2597
9455,-1377.0995,-826.2597
9460,-1377.0995,-826.2597
9465,-1377.0995,-826.2597
9470,-1377.0995,-826.2597
9475,-1377.0995,-826.2597
9480,-1377.0995,-826.2597
9485,-1377.0995,-826.2597
9490,-1377.0995,-826.2597
9495,-1377.0995,-826.2597
9500,-1377.0995,-826.2597
9505,-1377.0995,-826.2597
9510,-1377.0995,-826.2597
9515,-1377.0995,-826.2597
9520,-1377.0995,-826.2597
9525,-1377.0995,-826.2597
9530,-1377.0995,-826.2597
9535,-1377.0995,-826.2597
9540,-1377.0995,-826.2597
9545,-1377.0995,-826.2597
9550,-1377.0995,-826.2597
9555,-1377.0995,-826.2597
9560,-1377.0995,-826.2597
9565,-1377.0995,-826.2597
9570,-1377.0995,-826.2597
9575,-1377.0995,-826.2597
9580,-1377.0995,-826.2597
9585,-1377.0995,-826.2597
9590,-1377.0995,-826.2597
9595,-1377.0995,-826.2597
9600,-1377.0995,-826.2597
9605,-1377.0995,-826.2597
9610,-1377.0995,-826.2597
9615,-1377.0995,-826.2597
9620,-1377.0995,-826.2597
9625,-1377.0995,-826.2597
9630,-1377.0995,-826.2597
9635,-1377.0995,-826.2597
9640,-1377.0995,-826.2597
9645,-1377.0995,-826.2597
9650,-1377.0995,-826.2597
9655,-1377.0995,-826.2597
9660,-1377.0995,-826.2597
9665,-1377.0995,-826.2597
9670,-1377.0995,-826.2597
9675,-1377.0995,-826.2597
9680,-1377.0995,-826.2597
9685,-1377.0995,-826.2597
9690,-1377.0995,-826.2597
9695,-1377.0995,-826.2597
9700,-1377.0995,-826.2597
9705,-1377.0995,-826.2597
9710,-1377.0995,-826.2597
9715,-1377.0995,-826.2597
9720,-1377.0995,-826.2597
9725,-1377.0995,-826.2597
9730,-1377.0995,-826.2597
9735,-1377.0995,-826.2597
9740,-1377.0995,-826.2597
9745,-1377.0995,-826.2597
9750,-1377.0995,-826.2597
9755,-1377.0995,-826.2597
9760,-1377.0995,-826.2597
9765,-1377.0995,-826.2597
9770,-1377.0995,-826.2597
9775,-1377.0995,-826.2597
9780,-1377.0995,-826.2597
9785,-1377.0995,-826.2597
9790,-1377.0995,-826.2597
9795,-1377.0995,-826.2597
9800,-1377.0995,-826.2597
9805,-1377.0995,-826.2597
9810,-1377.0995,-826.2597
9815,-1377.0995,-826.2597
9820,-1377.0995,-826.2597
9825,-1377.0995,-826.2597
9830,-1377.0995,-826.2597
9835,-1377.0995,-826.2597
9840,-1377.0995,-826.2597
9845,-1377.0995,-826.2597
9850,-1377.0995,-826.2597
9855,-1377.0995,-826.2597
9860,-1377.0995,-826.2597
9865,-1377.0995,-826.2597
9870,-1377.0995,-826.2597
9875,-1377.0995,-826.2597
9880,-1377.0995,-826.2597
9885,-1377.0995,-826.2597
9890,-1377.0995,-826.2597
9895,-1377.0995,-826.2597
9900,-1377.0995,-826.2597
9905,-1377.0995,-826.2597
9910,-1377.0995,-826.2597
9915,-1377.0995,-826.2597
9920,-1377.0995,-826.2597
9925,-1377.0995,-826.2597
9930,-1377.0995,-826.2597
9935,-1377.0995,-826.2597
9940,-1377.0995,-826.2597
9945,-1377.0995,-826.2597
9950,-1377.0995,-826.2597
9955,-1377.0995,-826.2597
9960,-1377.0995,-826.2597
9965,-1377.0995,-826.2597
9970,-1377.0995,-826.2597
9975,-1377.0995,-826.2597
9980,-1377.0995,-826.2597
9985,-1377.0995,-826.2597
9990,-1377.0995,-826.2597
9995,-1377.0995,-826.2597
10000,-1377.0995,-826.2597

